movieId,title,genres
950071,Jaane Jaan,"Crime, Thriller, Drama"
872906,Jawan,"Action, Adventure, Thriller"
848116,Rocky Aur Rani Kii Prem Kahaani,"Comedy, Drama, Family, Romance"
888710,OMG 2,"Comedy, Drama"
1051769,Jailer,
984092,The Great Indian Family,"Comedy, Drama"
1161406,Mastaney,"Action, Drama, History"
267935,The BFG,"Adventure, Family, Fantasy"
945337,Sukhee,"Comedy, Drama"
864692,Pathaan,"Action, Adventure, Thriller, Drama"
20453,3 Idiots,"Drama, Comedy"
1020376,Satyaprem Ki Katha,"Drama, Romance"
334543,Lion,Drama
864221,Bholaa Shankar,"Action, Crime, Drama, Thriller"
1063633,Haddi,"Drama, Crime"
618323,Neeyat,
885331,Gadar 2,"Action, Drama"
1160562,Friday Night Plan,"Comedy, Drama"
1115239,Por Thozhil,"Crime, Thriller, Action"
87827,Life of Pi,"Adventure, Drama"
4538,The Darjeeling Limited,"Adventure, Drama, Comedy"
360814,Dangal,"Drama, Family, Comedy, Action"
4435,Asoka,"Action, Adventure, Drama, History, Romance, War"
538858,Tumbbad,"Fantasy, Horror"
374720,Dunki,"War, Action, Drama"
1123960,Sirf Ek Bandaa Kaafi Hai,Drama
117691,Gangs of Wasseypur,"Action, Thriller, Crime"
781732,Animal,"Action, Crime, Drama"
878926,Khufiya,"Crime, Thriller, Mystery"
1045385,Miss Shetty Mr Polishetty,"Comedy, Drama, Romance, Thriller"
1142127,Bawaal,"Drama, Romance, Comedy, History"
496331,Brahmastra Part One: Shiva,"Fantasy, Action, Adventure"
1158378,Ghoomer,Drama
720557,Tiger 3,"Action, Adventure, Thriller"
611359,Tu Jhoothi Main Makkaar,"Comedy, Romance"
783,Gandhi,"Drama, History"
1029827,Drishyam 2,"Crime, Thriller, Drama, Mystery"
1202888,PK,"Comedy, Drama, Family"
363343,Raees,"Thriller, Action, Crime"
26022,My Name Is Khan,"Drama, Romance"
1074641,Rama Banam,"Action, Comedy"
534780,Andhadhun,"Crime, Mystery, Thriller, Comedy"
957999,Thank You for Coming,"Comedy, Drama"
965489,Kushi,"Romance, Comedy, Drama"
1025067,Dream Girl 2,"Comedy, Romance"
7508,Taare Zameen Par,Drama
1018228,Chor Nikal Ke Bhaga,"Crime, Thriller"
1252030,Drishyam,"Action, Mystery, Thriller"
664332,Gangubai Kathiawadi,"Crime, Drama, History"
13528,Gaslight,"Thriller, Drama, Mystery, Crime"
1053348,The Buckingham Murders,"Mystery, Crime, Drama"
616720,Fighter,"Drama, Crime"
965606,Bholaa,"Action, Adventure, Crime, Thriller"
8079,Om Shanti Om,"Comedy, Thriller, Drama"
10757,Kabhi Khushi Kabhie Gham...,"Comedy, Drama"
1117411,The Kerala Story,Drama
432139,Vikram Vedha,"Action, Thriller, Crime, Adventure"
15774,"Swades: We, the People",Drama
348892,Bajrangi Bhaijaan,"Comedy, Drama, Action"
1014390,Bloody Daddy,"Action, Crime, Thriller"
1157429,Akelli,"Action, Drama, Thriller"
900783,The Kashmir Files,"History, Drama"
135718,OMG: Oh My God!,"Comedy, Drama, Family, Fantasy"
228194,The Hundred-Foot Journey,"Drama, Comedy"
734253,Adipurush,"Action, Adventure, Fantasy"
1114114,IB 71,"Action, Thriller, War"
61202,Zindagi Na Milegi Dobara,"Drama, Comedy, Romance"
132316,Jab Tak Hai Jaan,"Drama, Romance"
432527,Padmaavat,"Drama, History, Romance"
915831,Monica O My Darling,"Crime, Comedy, Drama, Mystery"
799177,Bhediya,"Comedy, Fantasy, Horror"
41517,Ra.One,"Adventure, Action, Science Fiction"
601635,Laal Singh Chaddha,"Drama, Romance"
388045,Chup,"Animation, Adventure, Fantasy, Horror, Family"
41109,Don 2,"Action, Thriller"
11854,Kuch Kuch Hota Hai,"Romance, Drama"
92979,Don,"Family, Drama"
685057,Devdas,"Drama, Romance"
974025,Gumraah,"Crime, Thriller"
933131,Badla,"Science Fiction, Action"
191714,The Lunchbox,"Drama, Romance"
920679,Zara Hatke Zara Bachke,"Comedy, Drama, Romance"
15268,Street Fighter: The Legend of Chun-Li,"Action, Adventure, Science Fiction, Thriller"
763118,Ganapath,"Action, Thriller"
801688,Kalki 2898-AD,"Drama, Action, Fantasy, Science Fiction"
4254,Kal Ho Naa Ho,"Comedy, Drama, Romance"
3933,Bride & Prejudice,"Romance, Fantasy, Animation"
1136736,Lust Stories 2,"Drama, Romance"
628534,The White Tiger,Drama
362045,Bajirao Mastani,"History, Romance, Drama"
142412,Kaun?,"Thriller, Mystery"
413543,Dear Zindagi,"Drama, Romance"
1041054,Freddy,"Romance, Thriller"
596650,Chhichhore,"Romance, Comedy, Drama"
185008,Yeh Jawaani Hai Deewani,"Romance, Comedy"
1074536,Sir,Drama
986594,Mrs. Chatterjee vs. Norway,"Drama, Thriller"
377985,Fan,"Action, Adventure, Thriller"
19625,Munna Bhai M.B.B.S.,"Comedy, Drama"
432139,Vikram Vedha,"Action, Thriller, Crime, Adventure"
205724,Welcome to the Jungle,Comedy
19666,Lagaan: Once Upon a Time in India,"Adventure, Romance, Drama"
946025,Kathal: A Jackfruit Mystery,"Mystery, Comedy, Crime, Drama"
1149268,Trial Period,"Comedy, Drama"
598826,Sardar Udham,"Crime, Drama, History"
966719,Kisi Ka Bhai Kisi Ki Jaan,"Romance, Action"
855117,King of Kotha,"Action, Drama, Crime"
85985,Ek Tha Tiger,"Action, Adventure, Thriller, Drama, Romance"
887109,HIT: The First Case,"Crime, Mystery, Thriller, Drama"
1014214,Singham Again,"Action, Drama"
268238,The Second Best Exotic Marigold Hotel,"Drama, Comedy"
19404,Dilwale Dulhania Le Jayenge,"Comedy, Drama, Romance"
496527,October,"Drama, Romance"
716309,Kill,"Thriller, Horror"
882826,An Action Hero,"Action, Crime, Comedy, Adventure, Thriller"
1046620,The Vaccine War,"Drama, Thriller"
11807,Jab We Met,"Drama, Comedy, Romance"
564147,K.G.F: Chapter 1,"Thriller, Action, Adventure, Crime"
237443,Mimi,"Drama, Romance"
755450,Godfather,
319760,Laila Majnu,"Drama, History"
939423,Afwaah,Drama
14070,Ghajini,"Action, Romance, Thriller"
441906,Jab Harry Met Sejal,"Comedy, Drama, Romance"
127501,Barfi!,"Drama, Romance, Comedy"
16537,Mumbai Meri Jaan,Drama
349138,Ludo,Horror
280795,Haider,"Crime, Drama"
778946,Mission Majnu,"Thriller, Action, Drama, History"
86004,Talaash,"Crime, Drama, Thriller"
393445,Ae Dil Hai Mushkil,"Romance, Drama"
19703,A Wednesday,"Drama, Thriller"
491629,Raazi,"Thriller, Action, Drama, History"
430508,Wajah Tum Ho,"Drama, Mystery, Romance, Thriller"
14752,Dil Chahta Hai,"Drama, Romance"
1111392,Darlings,
766116,Runway 34,"Thriller, Drama"
336203,Masaan,Drama
11712,Sanju,"Drama, Action, Comedy"
663457,Govinda Naam Mera,"Comedy, Drama, Romance"
79464,Rockstar,"Drama, Music, Romance"
40000,Mom,"Comedy, Horror"
556271,Kalank,"Drama, Romance"
597089,Article 15,"Crime, Drama, Thriller"
319570,Shehzada,
530154,Lust Stories,"Drama, Romance"
75825,Zero,"Animation, Drama"
897525,A Thursday,"Crime, Drama"
7913,Rang De Basanti,"Comedy, Drama, History, Romance"
607145,Rocketry: The Nambi Effect,"Drama, History"
159164,Dilwale,"Action, Drama, Romance"
765019,Jug Jugg Jeeyo,"Comedy, Drama"
491625,Gully Boy,"Drama, Music"
205022,Chennai Express,"Romance, Comedy, Action"
10431,War,"Action, Thriller"
503129,Student of the Year 2,"Romance, Comedy, Drama"
599925,Shershaah,"Action, Drama, Thriller, War"
341033,Qala,Drama
353464,Talvar,"Thriller, Drama, Mystery"
864573,Kuttey,"Comedy, Crime, Thriller"
805785,Fukrey 3,"Comedy, Drama"
763788,Dangerous,"Action, Thriller"
755408,Bang Bang,"Action, Crime, Thriller"
60579,Hey Ram,"History, Drama, Crime"
601337,83,"Drama, History"
235984,Goliyon Ki Rasleela Ram-Leela,"Drama, Romance"
926130,Selfiee,"Comedy, Drama"
4251,Veer-Zaara,"Drama, Romance"
472138,Thugs of Hindostan,"Adventure, Action"
1081726,Bheed,Drama
14395,Kabhi Alvida Naa Kehna,"Drama, Romance"
754716,Badhaai Do,"Comedy, Drama"
1209723,Prem Ki Shaadi,"Romance, Drama"
601643,Ghost Stories,Horror
857598,Pushpa: The Rule - Part 2,"Crime, Action, Adventure, Thriller"
507076,Climax,"Horror, Drama"
767586,Stree,
480,Monsoon Wedding,"Comedy, Drama, Romance"
67109,Delhi Belly,"Action, Comedy"
1131409,Mission Raniganj,"Drama, Action, Thriller"
14134,Main Hoon Na,Drama
80156,Gadar: Ek Prem Katha,"Action, Drama, Romance, History"
1106108,Bhagwan Bharose,"Drama, Comedy, Family"
340922,Omkara,
14163,Chak De! India,Drama
11518,Mohabbatein,"Drama, Romance"
204435,Krrish 3,"Action, Science Fiction"
577328,Kabir Singh,"Drama, Romance"
589615,Raat Akeli Hai,"Crime, Mystery, Thriller"
611748,Housefull 4,"Comedy, Drama, Romance"
277432,Happy New Year,"Action, Comedy, Crime"
166874,Ittefaq,"Crime, Mystery, Thriller"
452606,Sultan,"Romance, Family, Comedy"
338065,Dil Dhadakne Do,"Drama, Family, Romance"
1005581,Dhokha: Round D Corner,"Crime, Thriller"
364116,The Other Side of the Door,"Thriller, Horror"
475250,Omerta,"Action, Drama"
21265,Maqbool,"Crime, Drama"
1177157,Satya,"Crime, Thriller, Drama"
43557,Merry Christmas,Comedy
710961,Cirkus,
323517,Badlapur,"Crime, Thriller, Action, Adventure"
533237,Karwaan,"Adventure, Comedy"
370236,Kaun Kitney Paani Mein,"Drama, Comedy, Family"
454776,Fukrey,"Comedy, Drama"
1081768,Mili,"Drama, Thriller"
14072,Rab Ne Bana Di Jodi,"Comedy, Drama, Romance"
441909,Tiger Zinda Hai,"Action, Adventure, Thriller"
191726,Ugly,"Thriller, Drama, Mystery, Crime"
42966,Once Upon a Time in Mumbaai,"Drama, Thriller, Crime"
881983,Salaam Venky,Drama
1019638,Faraaz,"Action, Thriller"
224260,Vadh,"Mystery, Thriller"
12259,Sholay,Action
1142643,1920: Horrors of the Heart,"Horror, Drama"
507941,Section 375,"Drama, Crime, Thriller"
824744,Shiddat,"Romance, Drama"
346685,The Girl on the Train,"Thriller, Mystery, Drama, Crime"
332835,Piku,"Comedy, Drama"
1112552,Kennedy,"Crime, Thriller"
1300772,Takht,"History, Action, Drama"
140846,Company,"Comedy, Drama"
82825,Kahaani,"Mystery, Thriller"
21210,Dil Se..,"Drama, Romance"
1163194,Laapataa Ladies,"Comedy, Drama"
731686,Goodbye,"Drama, TV Movie"
554600,Uri: The Surgical Strike,"Action, Drama, War"
592508,Sooryavanshi,"Action, Crime, Thriller"
447109,Tamasha,Drama
1103937,Operation Mayfair,"Crime, Thriller"
18808,Highway,"Action, Adventure, Drama"
84858,Agneepath,"Action, Crime, Drama"
885515,Lootera,"Action, Drama, Music, Romance"
755836,Chandigarh Kare Aashiqui,"Drama, Romance, Crime"
44977,Dhoom:3,"Action, Crime"
572154,Dream Girl,"Animation, Romance, Drama, Fantasy"
14071,Dostana,"Drama, Comedy, Romance"
10155,U Turn,"Crime, Drama, Thriller"
695969,Haseen Dillruba,"Mystery, Crime, Thriller, Romance"
539686,Shamshera,"Action, Drama, Adventure"
850837,Blurr,"Horror, Thriller"
467106,Bareilly Ki Barfi,"Romance, Comedy"
941596,Thar,"Western, Action, Thriller, Drama, Crime"
936622,Bade Miyan Chote Miyan,"Action, Science Fiction, Thriller"
1009432,Uunchai,"Comedy, Drama, Family"
36204,No Smoking,"Thriller, Drama"
796207,Dobaaraa,"Science Fiction, Mystery, Thriller"
714338,Bulbbul,"Horror, Fantasy"
374173,Kapoor & Sons,"Drama, Romance"
19150,The Crew,"Action, Comedy, Crime"
975533,The Archies,"Comedy, Drama, Music, Romance"
781809,Mumbaikar,"Crime, Drama"
421701,Yodha,"Drama, Action"
944410,Jalsa,"Drama, Thriller"
471177,Game Changer,"Documentary, Horror"
21625,Gulaal,"Crime, Drama"
503838,Raid,"Crime, Drama, Thriller, Action"
28740,Black Friday,"Crime, Drama"
613446,The Sky Is Pink,"Romance, Drama, Comedy"
138122,Student of the Year,"Comedy, Drama, Romance"
14073,Jodhaa Akbar,"Romance, History, Drama"
1089624,Jersey,Comedy
911645,Gehraiyaan,"Romance, Drama"
496339,Dabangg 3,"Action, Comedy, Crime"
247645,Queen,"Comedy, Drama"
35053,Darr,"Drama, Thriller, Action, Romance"
628241,Ala Vaikunthapurramuloo,"Action, Comedy, Drama"
44977,Dhoom,"Action, Crime"
898976,Kolai,"Crime, Thriller, Mystery"
534075,Super 30,Drama
408624,A Death in the Gunj,"Drama, Thriller"
14194,Dhoom:2,"Drama, Action, Thriller, Crime"
403867,Kaabil,"Action, Thriller, Drama"
454776,Fukrey Returns,"Comedy, Drama"
1209514,Shootout at Byculla,Thriller
325138,Dum Laga Ke Haisha,"Comedy, Drama, Romance"
276935,Ek Villain,"Action, Crime, Romance, Thriller"
280690,Kick,"Action, Romance, Comedy, Crime"
1279968,Shaitan,Drama
729700,Raksha Bandhan,"Comedy, Drama, Family"
1022789,2,"Animation, Family, Adventure, Comedy, Drama"
1146210,Housefull 5,"Comedy, Drama, Romance"
956757,Cuttputlli,"Crime, Mystery, Thriller, Drama"
65521,Pyaar Ka Punchnama,"Drama, Comedy, Romance"
15419,Kabhi Haan Kabhi Naa,"Comedy, Drama, Romance"
16345,Billu,"Comedy, Drama"
645484,Dil Bechara,"Drama, Romance"
14467,Jaane Tu... Ya Jaane Na,"Drama, Comedy, Romance"
19025,Bhool Bhulaiyaa,"Comedy, Horror, Thriller"
21614,Hera Pheri,"Comedy, Crime"
192558,Aashiqui 2,"Drama, Romance"
310123,Zid,"Thriller, Romance"
24613,Kurbaan,"Crime, Drama, Romance, Thriller, Action"
802403,Ajeeb Daastaans,"Drama, Romance"
496524,Simmba,"Action, Comedy, Crime, Drama"
425822,The Raid,Action
147405,Dabangg,"Action, Comedy, Crime"
989017,Waltair Veerayya,"Action, Drama"
801049,Jogira Sara Ra Ra,"Romance, Comedy"
1262940,Checkmate,
32740,Krrish,"Action, Science Fiction"
41902,Baadshah,"Action, Comedy"
540313,Udaan,"Action, Drama, Crime, Thriller"
7509,Water,"Drama, Romance"
41518,Guzaarish,"Drama, Romance"
25516,Koi... Mil Gaya,"Science Fiction, Action, Adventure"
13986,Dil To Pagal Hai,"Drama, Romance, Comedy"
157129,Table No.21,"Adventure, Thriller"
168114,Murder 3,"Thriller, Drama, Mystery"
682868,Taish,Documentary
441889,Secret Superstar,"Drama, Music"
712863,Dhaakad,Action
624102,Sarkar,"Action, Drama"
1020951,Chandu Champion,Drama
411404,Major,Documentary
529106,Doctor G,"Action, Adventure"
429662,Viceroy's House,"Drama, History"
70590,Singham,"Drama, Action, Crime"
388333,M.S. Dhoni: The Untold Story,Drama
37265,All Ladies Do It,"Comedy, Drama"
206324,Bhaag Milkha Bhaag,"History, Drama"
527511,Bhavesh Joshi Superhero,"Action, Drama"
79990,Desi Boyz,"Comedy, Drama"
542460,Pataakha,"Action, Comedy, Drama"
56338,7 Khoon Maaf,"Drama, Mystery, Thriller"
606717,Angrezi Medium,"Drama, Comedy"
1046714,Janaki Jaane,"Drama, Comedy, Family"
1233297,Shahid,"Drama, History"
222951,B.A. Pass,Drama
495930,Radhe,Action
787163,Liger,"Action, Romance"
243797,Kamasutra 3D,"Drama, Romance, Documentary"
7520,Cocktail,"Romance, Drama, Comedy"
48922,Jewel Thief,"Thriller, Crime, Drama"
91310,Deewana,Romance
41188,Bhagam Bhag,"Comedy, Thriller, Romance"
371483,Newton,
602971,Made in China,"Comedy, Drama"
168245,Kai po che!,Drama
461809,Babumoshai Bandookbaaz,"Action, Crime, Thriller"
276928,Humpty Sharma Ki Dulhania,"Drama, Comedy, Romance"
79210,Chatrapathi,"Drama, Action"
1188068,Kaminey,
34764,Karthik Calling Karthik,"Romance, Thriller"
84092,Ramayana: The Legend of Prince Rama,"Animation, Fantasy, Family, Action, Adventure"
9039,Trapped,"Action, Crime, Thriller, Drama"
479918,Qarib Qarib Singlle,"Comedy, Drama, Romance"
594669,Baaghi 3,"Action, Adventure, Thriller"
593083,Darbar,
695962,Bhool Bhulaiyaa 2,"Horror, Comedy"
398535,Udta Punjab,"Crime, Drama"
1059007,Agra,Drama
582375,Notebook,"Romance, Drama"
1033878,Tara vs Bilal,"Romance, Comedy, Drama"
139521,Matru Ki Bijlee Ka Mandola,"Comedy, Drama"
682401,Ek Villain Returns,"Action, Crime, Thriller"
10788,Kambakkht Ishq,"Action, Comedy, Drama, Romance"
19636,Garam Masala,Comedy
1065426,Metro.... In Dino,"Drama, Romance"
191562,Go Goa Gone,"Comedy, Horror"
33202,Jo Jeeta Wohi Sikandar,Drama
307878,Dhamaka,
46404,Manorama: Six Feet Under,"Thriller, Crime, Mystery, Drama"
897097,Cobalt Blue,"Romance, Drama"
774607,Antim: The Final Truth,Action
357563,Welcome Back,"Action, Comedy"
643534,Good Newwz,"Romance, Comedy, Family, Drama"
849281,Hum,Thriller
755812,New York,"Animation, TV Movie, Fantasy, Action"
320295,Detective Byomkesh Bakshy!,"Action, Mystery, Drama"
764081,Ram Setu,"Action, Adventure, Drama"
811941,Devara,"Action, Drama"
20492,Life in a Metro,Drama
370870,Aligarh,Drama
158346,Pink,"Romance, Drama, Comedy"
888268,Anek,"Action, Thriller"
399624,Befikre,"Romance, Comedy, Drama"
39839,Baghban,Drama
498598,Sonu Ke Titu Ki Sweety,"Romance, Comedy"
1099677,Kanjoos Makhichoos,"Comedy, Drama"
80484,Guide,"Romance, Drama"
441881,Tubelight,"Drama, War"
26910,Anbe Sivam,"Comedy, Drama"
4253,Hum Tum,"Romance, Family, Comedy, Drama"
165904,Special Chabbis,"Crime, Drama, Thriller"
915865,Mrs Undercover,"Action, Comedy, Thriller"
799713,Dasvi,"Drama, Comedy"
103243,Vicky Donor,"Comedy, Romance"
73582,Bodyguard,"Drama, Action, Romance"
413547,Kahaani 2,"Thriller, Mystery"
1038874,Malaikottai Vaaliban,"Action, Drama, Fantasy"
910587,Bellbottom,"Animation, Action, Crime, Music"
1243118,Kaagaz,Drama
45129,Salaam Bombay!,"Crime, Drama"
455470,Meri Pyaari Bindu,"Drama, Romance"
20360,Namastey London,"Comedy, Drama, Romance"
20294,Welcome,"Comedy, Romance, Crime, Family"
1163663,Baazigar,"Music, Crime, Comedy, Adventure"
262903,Main Tera Hero,"Romance, Comedy"
285803,Singham Returns,Action
401285,Jagga Jasoos,"Adventure, Comedy, Mystery, Romance"
788348,India Lockdown,"Drama, Adventure"
352205,Parched,Drama
814215,Sam Bahadur,"Drama, History, War"
25868,Aladin,"Fantasy, Drama, Romance, Adventure, Comedy"
393429,Hera Pheri 3,Comedy
215776,Madras Cafe,"Thriller, Drama, Action"
496320,Race 3,"Thriller, Action, Crime, Adventure"
601807,Mrs. Serial Killer,Thriller
336790,Any Body Can Dance 2,Drama
523277,Manmarziyaan,"Romance, Drama"
919031,Tiku weds Sheru,"Comedy, Drama, Family"
56969,Tere Naam,"Action, Drama, Romance, Thriller"
391779,Housefull 3,"Comedy, Romance"
441875,Toilet - Ek Prem Katha,"Comedy, Drama, Romance"
22315,Aitraaz,"Thriller, Romance"
259720,2 States,"Comedy, Romance, Drama"
1203899,Sadak,
674531,Bob Biswas,"Crime, Action, Thriller"
82698,Ladies vs. Ricky Bahl,"Comedy, Drama, Romance"
261016,Johny Mera Naam,"Thriller, Music, Action, Drama, Family"
20129,Johnny Gaddaar,"Crime, Drama, Mystery, Thriller"
1083651,Thunivu,Drama
596610,Photograph,"Drama, Romance"
14193,Tashan,"Action, Romance"
20929,Taal,"Drama, Romance"
496318,Krrish 4,"Action, Science Fiction"
798159,Hum Do Hamare Do,"Comedy, Drama, Family"
454292,Saaho,"Action, Adventure, Thriller"
391700,We Are Family,Comedy
85052,Housefull 2,"Comedy, Romance"
1274746,Baby,"Drama, Romance"
1021166,Code Name: Tiranga,"Action, Thriller"
20495,Mujhse Shaadi Karogi,"Romance, Comedy"
22316,Ajnabee,"Action, Crime, Drama, Thriller"
212778,Chef,Comedy
15864,Bachna Ae Haseeno,"Drama, Comedy, Romance"
15977,Dev.D,"Comedy, Drama, Romance"
238713,Spy,"Action, Comedy, Crime"
46406,Mission Kashmir,"Action, Drama, Thriller"
499242,Pyaasa,"Drama, Romance"
859954,Jee Le Zaraa,"Comedy, Drama"
678999,Jayeshbhai Jordaar,"Comedy, Drama"
748917,Pichaikkaran 2,"Action, Drama, Science Fiction"
21557,Hazaaron Khwaishein Aisi,Drama
79698,The Lovers,"Action, Adventure, Science Fiction, Romance"
660042,The Big Bull,"Crime, Drama"
678835,Heropanti 2,"Action, Drama, Romance"
377213,Te3n,"Mystery, Thriller, Crime"
658075,Hungama 2,Comedy
20791,Boom,"Action, Drama, Thriller"
93519,Karan Arjun,"Action, Thriller"
552398,Indian 2,"Drama, Action, Thriller"
362140,Shaandaar,"Comedy, Romance"
611598,Samrat Prithviraj,"Action, Drama, History"
569594,Bharat,"Drama, Action"
603673,Laxmii,"Horror, Comedy"
743382,Serious Men,"Drama, Comedy"
1038487,Aazam,
29988,Ishq,"Comedy, Romance, Drama, Action"
955719,JGM (JanaGanaMana),"Action, Adventure"
646700,Josh,
329991,C.I.D.,"Comedy, Action"
757329,Footfairy,"Crime, Thriller"
20971,Zinda,"Action, Thriller"
1166734,Non Stop Dhamaal,Comedy
1147897,Ishq-e-nadaan,"Comedy, Drama, Romance"
376047,Fitoor,"Romance, Drama"
58128,Andaz Apna Apna,"Comedy, Romance, Family"
607297,Jawaani Jaaneman,Comedy
550485,Batla House,"Action, Drama, Thriller"
337876,Gabbar Is Back,"Drama, Action"
27298,Partner,"Comedy, Romance"
115124,Awara Paagal Deewana,"Comedy, Action"
396643,A Flying Jatt,"Fantasy, Action, Adventure"
588500,Rangeela,
1087922,Jogi,
449627,Tadka,"Comedy, Drama, Romance"
33081,Paheli,"Romance, Drama, Fantasy"
437450,Duplicate,Comedy
673392,Radhe Shyam,"Drama, Romance"
118628,English Vinglish,"Comedy, Drama, Family"
794008,Koi Jaane Na,"Thriller, Mystery"
767663,72 Hoorain,"Documentary, Crime, Horror"
525067,Rustom,
19637,Chup Chup Ke,Comedy
541495,Mard Ko Dard Nahin Hota,"Action, Comedy"
46040,Tees Maar Khan,"Comedy, Crime"
109907,Hate Story,"Drama, Thriller"
5319,Hum Dil De Chuke Sanam,"Comedy, Drama, Romance"
556270,Sadak 2,"Romance, Drama, Action"
31977,Black,Drama
19950,13B: Fear Has a New Address,"Mystery, Horror"
8453,Fanaa,"Action, Drama, Romance, Thriller"
1001241,Yaariyan 2,"Romance, Drama, Family"
1109086,War 2,"Action, Adventure, Thriller"
1094662,Yuva,"Action, Drama, Romance"
166012,Sangharsh,Thriller
8909,Wanted,"Action, Thriller, Crime"
643438,Motichoor Chaknachoor,"Romance, Drama"
96398,Paan Singh Tomar,"Crime, Drama"
870387,Sharmaji Namkeen,"Comedy, Drama"
984975,Music School,"Music, Drama"
695973,Satyameva Jayate 2,"Action, Crime, Drama, Thriller"
621003,Laal Kaptaan,"Drama, Action"
517975,Manto,"Drama, History"
21665,Khakee,Action
646173,Yeh Saali Aashiqui,"Thriller, Romance"
21175,Lakshya,"War, Action, Drama, Romance"
547654,Badhaai ho,"Comedy, Romance, Drama"
85542,Trishna,"Drama, Romance"
675592,Guilty,"Thriller, Drama"
783723,Thank God,Comedy
71308,Ghayal,"Action, Crime, Drama"
391629,Baaghi,"Action, Thriller, Romance, Adventure"
316654,Bombay Velvet,"Crime, Thriller"
208540,Once Upon a Time in Mumbai Dobaara!,"Action, Crime, Drama"
480810,Shaadi Mein Zaroor Aana,"Romance, Family"
21461,Lage Raho Munna Bhai,"Comedy, Drama, Romance"
585062,Luka Chuppi,"Comedy, Romance"
61203,Shor in the City,"Crime, Drama"
584850,Tanhaji: The Unsung Warrior,"Action, Drama, History"
937053,Neymar,"Comedy, Family"
735919,AK vs AK,"Comedy, Action, Drama, Crime"
393421,Sarbjit,Drama
373320,Padman,"Family, Comedy"
583398,Connect,"Drama, Romance"
915501,Laththi,"Action, Drama"
393562,Raman Raghav 2.0,"Thriller, Crime"
525460,Welcome Home,"Thriller, Horror"
1089624,Jersey,Comedy
54890,Dhobi Ghat,Drama
103073,Ardh Satya,"Drama, Crime"
1297958,Bala,Thriller
975251,Guru,"Action, Drama, Crime"
127493,Stolen,"Action, Crime, Thriller"
97341,Deewane Huye Paagal,"Comedy, Drama, Romance"
774098,Nail Polish,"Crime, Thriller, Drama"
124093,Jism 2,Thriller
821119,Jaadugar,"Comedy, Drama, Romance"
364137,Three of Us,"Drama, Comedy"
998549,Bhootnath,Comedy
569578,Ascharyachakit!,"Thriller, Drama"
69891,Chillar Party,"Drama, Comedy, Family"
916628,Chakda Xpress,Drama
40777,I Hate Luv Storys,"Comedy, Drama, Romance"
275269,Wazir,"Thriller, Action, Crime"
12273,Singh Is Kinng,"Action, Comedy"
16274,Holiday,"Comedy, Romance, Drama"
768466,Janhit Mein Jaari,"Comedy, Drama, Romance"
799155,Attack,"Action, Science Fiction, Thriller"
230454,Khiladiyon Ka Khiladi,"Action, Crime, Thriller"
566402,Vinaya Vidheya Rama,"Action, Drama"
501192,Hate Story IV,"Thriller, Crime, Drama"
376873,Rocky Handsome,"Action, Thriller"
20413,Dhamaal,"Comedy, Action, Adventure"
363413,Pyaar Ka Punchnama 2,"Romance, Comedy, Drama"
134446,Chachi 420,"Comedy, Drama, Family"
4252,Chalte Chalte,"Comedy, Drama, Romance"
381418,Sanam Teri Kasam,"Drama, Romance"
11763,Bunty Aur Babli,"Comedy, Crime, Romance"
85050,Agent Vinod,"Action, Adventure, Thriller, Romance"
375290,Airlift,"Drama, History, Action"
456565,Judwaa 2,"Action, Comedy, Romance"
64109,Paanch,"Crime, Thriller"
102632,Rowdy Rathore,"Action, Comedy, Crime"
790019,Sanak,"Action, Thriller"
1171133,Visfot,
785522,Skater Girl,"Drama, Family"
41252,Raincoat,"Drama, Romance"
31930,Murder,"Mystery, Crime, Thriller"
26277,Mujhse Dosti Karoge!,"Romance, Comedy, Drama"
399459,Veerappan,"Action, Crime"
390329,Madly,Drama
1156337,One Friday Night,"Mystery, Crime, Thriller"
719949,Khuda Haafiz,"Action, Thriller"
402672,Mohenjo Daro,"Adventure, Drama, History, Romance"
618911,Atrangi Re,"Comedy, Drama, Romance"
84858,Agneepath,"Action, Crime, Drama"
54081,Aakrosh,"Action, Drama, Crime"
79982,Yes Boss,"Comedy, Drama, Romance"
44566,Anjaana Anjaani,"Comedy, Drama, Romance"
590404,Chhapaak,Drama
53569,No One Killed Jessica,"Crime, Drama"
432140,Gurgaon,"Crime, Thriller"
955916,Lift,"Action, Comedy, Crime"
1254724,D-Day,"Music, Documentary"
984500,UI,Thriller
41903,Mr. India,"Action, Science Fiction, Drama"
28308,The Body,"Drama, Mystery, Romance, Thriller"
470641,Mukkabaaz,Drama
53767,Kaagaz Ke Phool,"Drama, Romance"
714220,Shahenshah,
479491,Gali Guleiyan,"Thriller, Drama"
20359,Phir Hera Pheri,Comedy
1014060,Zwigato,Drama
456570,Hindi Medium,"Comedy, Drama"
19951,1920,Horror
19663,Love Aaj Kal,"Comedy, Drama, Romance"
674779,Bheeshma,"Romance, Action, Comedy"
601801,Chopsticks,"Comedy, Drama"
786190,Pagglait,"Drama, Comedy"
598938,Heroine,"Thriller, Action"
38407,Shanghai,"Drama, Thriller, Mystery, Crime"
441071,Naam Shabana,Thriller
283827,Singh Is Bliing,"Action, Comedy"
34299,Beautiful,"Comedy, Drama"
161064,Filmistaan,Comedy
90634,Hum Tumhare Hain Sanam,"Drama, Romance, Comedy"
376495,Naseeb,"Comedy, Drama, Romance"
149,Akira,"Animation, Science Fiction, Action"
535144,Sonchiriya,"Crime, Action, Drama, Western"
17334,The Other End of the Line,"Comedy, Romance"
1298061,Kesari,"Action, Fantasy"
25499,Jaane Bhi Do Yaaro,"Comedy, Crime"
727864,Nympho: The Lust Story,"Drama, Romance"
403514,San' 75 (Pachattar),"Thriller, Drama"
188640,Shootout at Wadala,"Action, Crime, Drama, History"
69775,Murder 2,"Action, Crime, Drama, Thriller"
16344,Luck by Chance,"Romance, Drama, Comedy"
16987,Kaho Naa... Pyaar Hai,"Romance, Drama"
24603,All the Best: Fun Begins,"Action, Comedy, Music"
52696,Band Baaja Baaraat,"Comedy, Drama, Romance"
556907,Baazaar,"Crime, Drama, Thriller"
397441,Miss Teacher,Romance
304792,Raaz,Mystery
33457,Nayak: The Real Hero,"Drama, Thriller, Action"
323677,Race,"Drama, History"
1145809,Sergeant,"Drama, Thriller"
15412,Khosla Ka Ghosla!,Comedy
92979,Don,"Family, Drama"
821902,Siya,Animation
543,Blackmail,"Drama, Thriller, Crime"
44978,Golmaal 3,"Comedy, Family"
441894,Baadshaho,"Action, Thriller"
1002082,Babli Bouncer,"Comedy, Drama"
121598,Midnight's Children,Drama
1090823,Rahasya,Action
1285801,Love-All,"Comedy, Romance"
994287,Sarfarosh,Romance
246133,Entertainment,"Drama, Comedy"
695951,Chehre,"Thriller, Mystery, Drama"
784940,Good Luck Jerry,"Comedy, Crime, Drama"
622792,Kanguva,"Drama, Action"
598859,Kaamyaab,"Comedy, Drama"
117341,Madhoshi,"Drama, Romance, Music, Mystery"
197887,Housefull,"Family, Comedy"
591101,Mardaani 2,"Action, Crime, Thriller"
774806,Toolsidas Junior,"Drama, Family"
444000,Love Sonia,Drama
361131,Hate Story 3,"Thriller, Drama"
783461,Looop Lapeta,"Action, Comedy, Crime"
608746,Mumbai Saga,"Action, Drama, Crime"
25519,Pardes,"Drama, Romance"
35907,Kaante,"Crime, Thriller, Action"
470642,The Hungry,Drama
529526,Kabzaa,"Action, Crime, Drama"
915867,Forensic,"Crime, Thriller"
20742,Shootout at Lokhandwala,"Action, Crime, History"
915776,Double XL,"Comedy, Drama"
726207,Phone Bhoot,"Horror, Comedy"
161479,Cadaver,Animation
190940,Bombay Talkies,"Drama, Romance"
1049623,Almost Pyaar with DJ Mohabbat,"Romance, Drama, Music"
607091,Oh! Baby,"Comedy, Drama, Fantasy"
794819,Rashmi Rocket,Drama
147405,Dabangg 2,"Action, Comedy, Crime"
1066700,Mulk,
45533,Pyaar Kiya To Darna Kya,"Comedy, Drama, Romance"
594673,The Tashkent Files,"Drama, Mystery, Thriller, History"
585862,Romeo Akbar Walter,"Action, Thriller"
22609,Dil Bole Hadippa!,"Romance, Comedy, Drama"
394034,Buddha in a Traffic Jam,"Thriller, Crime"
565696,DAMaN,Drama
1188051,The Purvanchal Files,"Action, Drama"
19663,Love Aaj Kal,"Comedy, Drama, Romance"
752936,800,Drama
245844,Blind,Drama
157800,Har Dil Jo Pyar Karega...,"Comedy, Drama"
241882,Ankhon Dekhi,"Comedy, Drama"
945324,Ardh,"Drama, Comedy"
1063708,Joram,"Adventure, Crime, Drama, Thriller"
71257,Khoobsurat,"Comedy, Romance, Family"
715765,Bachchhan Paandey,"Comedy, Action, Crime"
33125,Border,"Action, Drama, History, War"
1873,Rangoon,"Drama, Thriller"
493623,Hichki,"Drama, Comedy"
636449,Ujda Chaman,"Comedy, Drama"
9992,Arth,"Adventure, Fantasy, Animation, Family"
109028,Mohra,"Action, Thriller"
393441,Dishoom,"Comedy, Action"
679031,Aankh Micholi,"Comedy, Family"
14546,Golmaal Returns,Comedy
468469,Kaalakaandi,"Comedy, Thriller, Drama"
85998,Hanuman,"Adventure, Family, Romance, Fantasy"
818588,Tariq,
27624,Maine Pyar Kiya,"Romance, Drama"
290815,Court,Drama
667585,Chhalaang,"Comedy, Drama"
644712,Street Dancer 3D,Drama
665685,Jhund,Drama
397490,U-Turn,"Mystery, Thriller, Crime, Horror"
590399,Thalaivi,Drama
62883,Hum Saath-Saath Hain,"Romance, Family, Fantasy"
465656,Kedarnath,Romance
37951,Raajneeti,"Drama, Thriller"
611594,Mission Mangal,"Drama, History"
96398,Paa,"Crime, Drama"
33786,Maja Ma,"Comedy, Drama"
21460,Maachis,"Action, Crime, Thriller"
257211,The Intern,Comedy
577332,Panipat,"Action, History, War, Romance"
132744,One 2 Ka 4,"Action, Drama, Comedy"
266038,Titli,"Drama, Action, Crime"
194522,Monsoon Shootout,Thriller
177358,Jolly LLB,"Comedy, Drama"
20132,Kaal,"Action, Thriller"
46387,Hum Aapke Hain Koun..!,"Drama, Romance"
488445,Kadvi Hawa,Drama
385124,Daddy,"Drama, Comedy, Mystery"
20145,36 China Town,"Comedy, Thriller"
170998,Shool,"Action, Crime"
335392,Dharam Sankat Mein,"Comedy, Drama, Family, Fantasy, Mystery"
730428,Class of 83,"Action, Crime, Drama"
1192415,Sheran Di Kaum Punjabi,"Action, Adventure, Drama, History, War"
7445,Brothers,"Drama, Thriller, War"
78827,Deewangee,"Crime, Drama, Mystery, Thriller, Romance"
1145741,Madaari,"Crime, Thriller"
60389,Bawarchi,"Comedy, Drama, Family"
81867,Breakaway,"Comedy, Drama, Romance"
44519,Mughal-E-Azam,"Drama, Romance"
556341,A Gentleman,Drama
316441,Rock On!!,"Action, Thriller"
732713,Evil Eye,"Mystery, Thriller, Horror"
287499,Margarita with a Straw,Drama
1163180,Rakshak India's Braves,"Action, Drama, War"
44135,The Diplomat,"Action, Crime, Drama, Mystery, Thriller, TV Movie"
160265,Koyla,Action
522384,Trimurti,"Crime, Drama"
668435,Thappad,Drama
475557,Joker,"Crime, Thriller, Drama"
1026792,Nazar Andaaz,"Comedy, Drama"
611356,Gulabo Sitabo,"Drama, Comedy"
1126550,Phobia,"Mystery, Thriller, Drama"
475854,B.A. Pass 2,Drama
10999,Commando,"Action, Adventure, Thriller"
32295,Khal Nayak,"Action, Music"
41511,Dhan Dhana Dhan Goal,Drama
20296,Chocolate: Deep Dark Secrets,"Thriller, Crime, Drama, Mystery"
639414,Dolly Kitty Aur Woh Chamakte Sitare,"Comedy, Drama"
413646,Badrinath Ki Dulhania,"Drama, Comedy, Romance"
770578,Dial 100,"Mystery, Thriller"
946652,Kaun Pravin Tambe?,Drama
232827,Yalgaar,"Action, Drama"
913462,Toofaan,Documentary
461792,Besharam,"Drama, Thriller"
599598,India's Most Wanted,"Action, Thriller"
54352,Do Bigha Zamin,Drama
13123,Aamir,Thriller
45003,Raju Ban Gaya Gentleman,"Drama, Comedy, Romance"
986957,Titu Ambani,"Romance, Drama"
551688,Judgementall Hai Kya,"Comedy, Drama, Thriller"
341482,Saudagar,"Drama, Family"
147767,Khiladi 786,"Action, Comedy"
809309,Hurdang,"Drama, Romance"
441542,Plan A Plan B,"Action, Comedy"
1001311,Pari,"Thriller, Horror, Action, Mystery"
269495,Thank You,"Drama, Comedy"
681227,Firrkie,"Thriller, Action, Romance"
158519,1920: Evil Returns,"Thriller, Horror, Romance"
112936,Bol Bachchan,"Comedy, Action"
47655,Hisss,"Fantasy, Horror, Thriller"
920026,Guthlee Ladoo,Drama
165979,Haan Maine Bhi Pyaar Kiya,"Romance, Music"
9425,Soldier,"Science Fiction, Action, Drama, Fantasy"
420826,Phool Aur Patthar,Romance
270417,The Xpose,"Thriller, Drama, Crime"
362100,Aashiq,"Action, Romance"
582108,Pal Pal Dil Ke Paas,Romance
120101,Kyaa Super Kool Hain Hum,Drama
26815,Rocket Singh: Salesman of the Year,"Drama, Comedy, Romance"
1027350,Gandharva jr.,"Fantasy, Comedy"
42323,Tere Bin Laden,Comedy
1065320,The Underbug,Horror
14785,Bandit Queen,"Drama, Crime, Action, Western, History"
668340,Maidaan,Drama
169869,Blue,"Romance, Western"
10757,Khushi,"Comedy, Drama"
33067,Chameli,"Drama, Romance"
75157,Mausam,"Romance, Drama"
56666,Fiza,"Drama, Romance"
917,Mother India,Drama
531010,Hungama,Comedy
56901,Yeh Saali Zindagi,Thriller
1016346,Mr. & Mrs. '55,"Action, Drama, Thriller"
856159,Waqt,
1077638,Raabta,
376869,Neerja,"Drama, Thriller"
318484,Qayamat: City Under Threat,"Action, Crime, Drama, Romance"
383281,Raju Chacha,"Action, Comedy, Family"
21906,Gupt: The Hidden Truth,"Thriller, Action, Romance"
33142,Vivah,"Romance, Drama"
739146,Bhoot Police,"Adventure, Horror, Comedy"
957136,Operation Romeo,"Drama, Thriller"
33124,1942: A Love Story,"Action, Drama, Romance"
473014,Aksar 2,"Romance, Thriller"
674863,Duniya,
1298046,Mr Lele,Comedy
118032,Ferrari Ki Sawaari,"Family, Comedy"
1154493,Untitled,
413882,OK Jaanu,"Drama, Romance"
112531,Ki & Ka,Drama
48929,Shree 420,"Romance, Drama, Comedy"
460713,102 Not Out,"Comedy, Family, Drama"
127763,Matrubhoomi: A Nation Without Women,Drama
744676,Ginny Weds Sunny,"Romance, Comedy, Drama, Family"
421701,Yodha,"Drama, Action"
171195,Woh Kaun Thi?,"Mystery, Thriller, Horror"
49679,Action Replayy,"Comedy, Romance, Science Fiction"
44565,Khatta Meetha,"Comedy, Drama"
594258,Shakti,"Drama, Comedy"
376371,Dushmani: A Violent Love Story,"Action, Romance"
165404,Humraaz,"Action, Romance, Thriller"
161834,Jhankaar Beats,"Comedy, Romance, Music"
161436,Khiladi,"Thriller, Romance"
159187,Baiju Bawra,"Music, Drama, Romance"
70366,Sahib Bibi Aur Ghulam,Drama
61271,Tezaab,Drama
1149126,Yamini,Documentary
352099,Bangistan,"Comedy, Drama"
961707,Hawa,"Drama, Comedy"
262120,Zubeidaa,"Romance, Drama, History, Music"
238408,Singh Saab the Great,"Action, Drama"
964416,Garbage,"Comedy, Documentary"
478474,Jai Maa Vaishno Devi,
430,One Two Three,Comedy
15980,Raaz: The Mystery Continues,"Horror, Mystery"
1086726,"LSD: Love, Sex Aur Dhokha","Drama, Comedy, Crime, Romance"
828901,Love Hostel,"Crime, Romance, Thriller"
250551,Gunday,"Action, Crime, Drama"
454769,Behen Hogi Teri,"Romance, Comedy, Drama"
2928,Michael,"Comedy, Drama, Fantasy"
788106,Pogaru,Action
1110839,Motu Patlu Kung Fu Kings Returns,"Animation, Adventure, TV Movie"
284288,Mary Kom,"Action, Drama, History"
832262,Force 2,"Mystery, Thriller"
549829,Loveyatri,"Drama, Romance, Comedy, Music"
34017,Aar Ya Paar,Thriller
213188,Dharam Veer,"Action, Adventure, Comedy, Fantasy"
566319,Mujrim,"Drama, Action"
254418,Shaadi Ke Side Effects,"Comedy, Romance"
21466,Mera Naam Joker,"Drama, Romance"
846942,Roohi,Drama
1163509,Cantt Road: The Beginning,Crime
53299,Patiala House,Drama
109600,Shakespeare-Wallah,"Drama, Romance"
875188,Kho Gaye Hum Kahan,"Drama, Comedy"
429754,Pippa,"Comedy, Drama"
191121,Raanjhanaa,"Drama, Romance"
1069567,Lakadbaggha,"Action, Crime, Thriller"
565277,Kavacham,"Action, Thriller"
934454,Janmabhoomi,
149,Aks,"Animation, Science Fiction, Action"
461278,Munnibai,Action
159420,Yaarana,"Action, Romance"
16285,Khan kluay,"Animation, Family, Adventure"
325892,Hunterrr,"Drama, Romance"
129084,Lost,"Crime, Mystery, Thriller"
442405,The Ghazi Attack,"Action, War, Thriller, History"
19980,99,"Comedy, Crime"
403428,Tujhe Meri Kasam,Romance
49074,Baasha,Action
38440,Gangster,"Romance, Crime, Drama, Action"
606599,Commando 3,"Action, Thriller"
603562,The Lift Boy,"Comedy, Drama"
361129,Main Aur Charles,"Drama, Crime"
48390,Gangaa Jamunaa Saraswathi,"Action, Drama, Romance"
25869,Salaam-E-Ishq,"Comedy, Drama, Romance"
413322,Chhal,
39217,Maine Pyaar Kyun Kiya,"Comedy, Drama, Romance"
165066,Dil Kya Kare,"Drama, Romance"
237305,Gori Tere Pyaar Mein!,"Comedy, Romance"
21982,Aankhen,"Crime, Thriller"
456218,Theeran Adhigaaram Ondru,"Action, Thriller"
533148,Ek Ladki Ko Dekha Toh Aisa Laga,"Romance, Drama"
20002,Chandni Chowk to China,"Action, Adventure, Comedy"
1068452,Hi Nanna,"Drama, Family, Romance"
1206195,Anand,
303384,Ghar Dwaar,
358985,Kis Kisko Pyaar Karoon,"Comedy, Romance"
83910,Khushboo,"Drama, Romance, Family"
307868,Chalaak,"Action, Crime, Drama"
68256,Stanley Ka Dabba,"Comedy, Family"
534081,Sandeep Aur Pinky Faraar,"Thriller, Drama"
386615,Rascals,Comedy
493620,Aiyaary,"Action, Thriller"
98122,Veerana,"Action, Drama, Horror"
21297,Wake Up Sid,"Comedy, Drama, Romance"
994333,Keedaa Cola,"Comedy, Crime"
291154,Daawat-e-Ishq,"Drama, Romance, Comedy"
137180,Aiyyaa,"Romance, Comedy"
228979,Toofan,
218898,Zanjeer,"Action, Crime, Drama"
183659,Qurbani,"Drama, Action, Crime"
341482,Saudagar,"Drama, Family"
266500,Dr. Cabbie,Comedy
459713,Mahanati,Drama
1032616,Har Har Mahadev,"History, War, Drama"
456565,Judwaa,"Action, Comedy, Romance"
192573,Zapatlela,"Horror, Comedy"
77864,That Girl in Yellow Boots,"Crime, Drama, Mystery, Thriller"
900838,The Delhi Files,"Thriller, History"
412090,Jolly LLB 2,"Comedy, Crime"
334524,Gold,"Adventure, Drama, Thriller"
232496,Bichhoo,"Action, Crime, Thriller"
744876,Kaali Khuhi,"Horror, Drama, Thriller"
118809,Jigar,"Action, Drama, Romance"
1076141,Aatmapamphlet,"Comedy, Romance"
29534,Amar Prem,"Drama, Romance"
22448,Awarapan,"Action, Drama, Crime"
282346,Hate Story 2,"Drama, Thriller"
117356,Musafir,"Drama, Action, Thriller, Crime"
146915,Possessed Love,Drama
362136,Prem Ratan Dhan Payo,"Romance, Drama, Action"
305834,Nadiya Ke Paar,"Drama, Romance"
2734,David,"Adventure, Drama, TV Movie"
2989,Roar,"Adventure, Comedy, Thriller"
72152,Aarakshan,"Drama, Thriller"
1080376,Angithee,
108377,Dharmatma,"Romance, Action, Thriller"
828871,Meenakshi Sundareshwar,"Romance, Drama"
25867,De Dana Dan,"Comedy, Crime"
372084,Mastram,Drama
245134,Le Halua Le,"Comedy, Drama, Romance"
186747,Ek Thi Daayan,"Horror, Romance, Thriller"
166259,Virasat,"Drama, Family"
627072,Axone,"Drama, Comedy"
614179,Coolie No. 1,"Comedy, Drama"
108764,Maya,"Horror, Mystery"
287767,Mardaani,"Action, Crime, Drama, Thriller"
173726,Kalyug,Drama
1173033,Yeh Shaadi Nahi Ho Sakti,
543955,Hawayein,"Drama, Romance"
529630,Ek Jaan Hain Hum,
911360,420 IPC,"Crime, Drama"
936622,Bade Miyan Chote Miyan,"Action, Science Fiction, Thriller"
496316,Baaghi 2,"Action, Crime, Adventure, Mystery, Thriller"
260266,Ragini MMS 2,Horror
200481,The Blue Umbrella,"Animation, Romance"
1034158,Operation Valentine,"Action, War, Thriller"
44749,Race 2,"Thriller, Action, Adventure, Crime"
251131,Betaab,"Romance, Drama"
605499,Monsoon,"Drama, Romance"
84533,Ek Main Aur Ekk Tu,"Drama, Comedy, Romance"
166231,Refugee,"Drama, Music, Romance"
1128692,Crack,"Drama, Action"
627715,Marjaavaan,"Romance, Action"
1166133,Bramayugam,"Horror, Thriller"
334875,Ek Paheli Leela,"Romance, Music, Thriller"
1027604,Prince,"Family, Fantasy, Comedy"
277615,Mehbooba,"Drama, Romance"
585511,Luck,"Animation, Adventure, Comedy, Fantasy"
97351,Phir Bhi Dil Hai Hindustani,"Romance, Comedy, Crime"
403862,Grand Masti,"Comedy, Fantasy, Horror"
35751,Seeta Aur Geeta,"Comedy, Romance, Adventure"
66247,Muthu,"Comedy, Drama, Action"
1114628,Coat,"Drama, Family"
1152581,Footpath,Drama
403847,Julie 2,"Drama, Romance, Thriller"
51725,Khuda Gawah,"Romance, Action, Adventure"
25638,Laaga Chunari Mein Daag: Journey of a Woman,"Drama, Romance"
545273,Helicopter Eela,Drama
301148,Jagir,
48569,Humko Deewana Kar Gaye,"Drama, Romance"
489852,Soorma,Drama
135199,Ek Hasina Thi,"Crime, Action, Drama"
693841,Nikamma,"Action, Comedy"
391766,Do Lafzon Ki Kahani,"Drama, Romance, Action"
980044,August 16 1947,"Action, Drama"
491622,Manikarnika: The Queen of Jhansi,"History, Drama, Action"
222430,Phata Poster Nikhla Hero,"Action, Comedy"
730420,Nasha,"Documentary, Music"
218898,Zanjeer,"Action, Crime, Drama"
426785,Tum Bin 2,"Drama, Romance"
161402,Suryavanshi,"Fantasy, Action"
672520,Shukranu,"Comedy, Drama"
1007074,Jigarthanda DoubleX,"Action, Drama, Comedy"
942058,Tehran,"Action, Thriller"
208036,Ramaiya Vastavaiya,"Romance, Action, Comedy"
39837,Yaadein...,Drama
614256,Chhota Bheem Kung Fu Dhamaka,"Animation, Adventure, Action"
455332,Maatr,"Thriller, Drama"
53590,Alag: He Is Different.... He Is Alone...,"Science Fiction, Fantasy, Thriller, Drama"
20027,Delhi-6,Drama
128207,Ship of Theseus,Drama
19670,Golmaal: Fun Unlimited,"Comedy, Family"
217057,The Hero of Color City,Animation
267779,Raja,Drama
161212,Kyon Ki...,"Romance, Drama"
706783,Choked: Paisa Bolta Hai,"Drama, Crime, Thriller"
391778,Azhar,Drama
656007,Panga,Romance
75467,Rog,"Drama, Thriller, Romance"
55386,Dil Toh Baccha Hai Ji,"Drama, Comedy, Romance"
307508,Kasethan Kadavulada,"Romance, Comedy, Drama"
238674,Jurm,"Crime, Drama, Mystery, Thriller"
1276657,Kachchi Kali,Drama
284427,Who Am I,Thriller
211275,Kachche Dhaage,"Action, Drama, Romance"
311469,Pitaah,"Drama, Action"
464599,Guest iin London,Comedy
206301,Policegiri,"Action, Comedy"
913046,Shaakuntalam,"History, Fantasy, Romance"
251626,Hasee Toh Phasee,"Comedy, Romance"
893653,Tiger Nageswara Rao,"History, Action"
392344,Baar Baar Dekho,"Romance, Drama, Action"
758923,Baaghi 4,
52251,Hotel,"Horror, Drama, Mystery"
477224,Doodhwali,
376495,Naseeb,"Comedy, Drama, Romance"
1229150,Loha,
21555,Socha Na Tha,"Drama, Comedy, Romance"
896669,Veera Simha Reddy,"Action, Drama"
669696,Tadap,"Action, Romance"
53283,Khichdi: The Movie,"Comedy, Family"
153170,Bandh Darwaza,"Action, Drama, Horror"
393423,Laal Rang,"Comedy, Crime, Drama, Thriller"
546241,Once Again,"Drama, Romance"
150922,Samay: When Time Strikes,"Crime, Thriller, Mystery"
412326,Khaidi No. 150,"Action, Romance, Thriller"
362296,Mere Jeevan Saathi,"Action, Romance"
31983,Darna Zaroori Hai,Thriller
215335,Raja Ki Ayegi Baraat,"Drama, Romance"
74481,Darna Mana Hai,Horror
1205459,Dono,Horror
531597,Satyameva Jayate,"Action, Thriller"
972116,The Conversion,
15467,Kismat Konnection,"Drama, Comedy, Romance"
30244,Kabul Express,"Action, Comedy, Drama, Thriller"
86777,China Gate,"Action, War, Drama"
381298,Ghayal Once Again,"Action, Crime, Drama"
589210,Sherdil,"Action, Drama, Romance"
1016346,Mr. & Mrs. Khiladi,"Action, Drama, Thriller"
338065,Dhadak,"Drama, Family, Romance"
1058617,Dance Dance,Drama
22460,Deewaar,"Action, Crime, Drama"
353898,Manjhi: The Mountain Man,Drama
37737,Kites,"Drama, Action, Romance"
845861,State of Siege: Temple Attack,"Action, Drama"
29888,Dulha Mil Gaya,"Comedy, Drama, Romance"
282353,Pizza,"Thriller, Horror"
20358,Yuvvraaj,Drama
1124838,VD 12,"Action, Thriller"
589291,PM Narendra Modi,"Drama, History"
406042,Happy Bhag Jayegi,"Comedy, Romance"
737433,Bole Chudiyan,"Comedy, Drama, Romance"
375620,Mohabbat,Romance
213565,Arjun Pandit,"Action, Crime, Romance"
487176,Beta,"Comedy, Drama"
16411,'D',"Action, Crime, Drama"
573856,Saugandh,"Drama, Romance"
49518,Aap Mujhe Achche Lagne Lage,"Action, Romance, Drama"
570910,Thackeray,"Drama, History"
45726,Julie,"Thriller, Mystery"
455004,Shimla Mirchi,Romance
472123,Golmaal Again,"Comedy, Horror, Action, Fantasy"
181886,Enemy,"Thriller, Mystery"
168069,Madhumati,"Romance, Music, Mystery"
59859,Kick 2,"Action, Adventure, Crime"
539036,Soni,"Drama, Crime"
86576,Paap,"Thriller, Action, Romance"
144672,Saagar,"Romance, Drama"
1094138,Jackpot,"Action, Comedy"
20653,Roadside Romeo,"Animation, Family, Adventure, Comedy"
787538,Maarrich,"Thriller, Crime"
1155818,Punjab '95,Drama
225635,Dosti: Friends Forever,"Romance, Drama"
981771,Ziddi,
307534,Dushmun,Drama
460868,The Accidental Prime Minister,"History, Drama"
819829,Preetam,"Comedy, Romance, Drama"
64690,Drive,"Drama, Thriller, Crime"
1132482,Ajmer 92,
1052680,Hindutva,
679045,Shakuntala Devi,"Drama, Family, Comedy"
1023332,Anwar,Documentary
362296,Mere Jeevan Saathi,"Action, Romance"
72051,Garv: Pride and Honour,"Action, Crime, Drama"
359215,The Storyteller,"Drama, TV Movie"
256968,Kochadaiiyaan,"Action, Adventure, Animation"
92979,Don,"Family, Drama"
500060,Tahkhana,Horror
81551,King Uncle,"Comedy, Family"
685245,Bombay,
218088,Chhota Bheem aur Krishna: Mayanagari,"Animation, TV Movie"
945396,Bedhadak,Romance
69515,Yaara,"Family, Drama, Action"
590401,De De Pyaar De,"Romance, Comedy"
1175144,Malaal,"Crime, Drama"
1011874,Match Of Life,Comedy
53284,Do Dooni Chaar,"Drama, Comedy"
536892,Bhabhi,Romance
546761,Badal,
601469,Badnaam Gali,"Drama, Comedy, Family"
772879,Unpaused,"Comedy, Drama"
117319,Vishwaroopam,"Action, Thriller"
1079927,Vedaat Maratha Veer Daudale Saat,"Drama, Action, History, War"
1057483,Victoria: Ek Rahasya,"Horror, Thriller"
159650,Tum Mere Ho,"Fantasy, Horror, Romance"
38022,Amar Akbar Anthony,"Action, Comedy, Drama"
159436,Jaani Dushman: Ek Anokhi Kahani,"Action, Fantasy, Thriller"
881903,Spirit,"Action, Drama"
97449,Khamoshi: The Musical,"Drama, Romance"
257284,Teesri Kasam,"Romance, Comedy, Drama"
685057,Devdas,"Drama, Romance"
590350,Pati Patni Aur Woh,"Comedy, Romance"
635503,Lootcase,Comedy
897515,Chhatriwali,"Comedy, Drama"
1051023,Murder Mubarak,"Comedy, Crime, Thriller"
7555,Rambo,"Action, Thriller, War"
1218602,Sarzameen,"Drama, Thriller"
22442,Ruslaan,
10946,Earth,Documentary
934747,Mister Mummy,"Comedy, Drama"
607294,Pailwaan,"Action, Drama"
108141,Rajnigandha,"Drama, Romance"
114433,Haré Rama Haré Krishna,"Drama, Family"
257258,Sold,Drama
1164621,Bhoot,
26517,Martin,"Horror, Drama"
520517,Pyar Ke Do Pal,"Action, Drama"
55212,Tumko Na Bhool Paayenge,"Action, Drama, Mystery"
299618,Fugly,Comedy
862026,Anokha Bandhan,Drama
21614,Hera Pheri,"Comedy, Crime"
56897,Phas Gaye Re Obama,"Comedy, Crime"
1218528,Tauba Tauba,"Romance, Thriller"
271200,Heropanti,"Romance, Action"
563987,Pihu,"Thriller, Drama"
1216195,Oh My Ghost,"Comedy, Horror"
45002,Chamatkar,"Romance, Comedy"
14751,Dasvidaniya,Drama
46409,MP3: Mera Pehla Pehla Pyaar,"Romance, Drama"
54072,Andaaz,"Drama, Music, Romance"
522367,Shanakht,Drama
170859,Daag: A Poem of Love,"Music, Romance"
656208,Dostana 2,Comedy
338138,Nache Nagin Gali Gali,Horror
24864,What's Your Raashee?,Comedy
408475,Tutak Tutak Tutiya,"Comedy, Horror"
303398,Jaal: The Trap,"Action, Drama"
1148001,Sharaabi,"Action, Adventure"
37822,Badmaa$h Company,Crime
339367,Hamari Adhuri Kahani,Drama
573435,Bad Boy,"Action, Crime, Thriller, Comedy"
114813,Haasil,"Drama, Romance"
552222,Doordarshan,"Drama, Comedy"
388936,Bandhan,Drama
46415,Neal 'N' Nikki,"Comedy, Romance"
142583,Hijack,"Thriller, Action"
166027,Fida,"Thriller, Romance"
1019168,Cold Case,"Documentary, Crime"
363185,Mastizaade,"Romance, Comedy"
16566,Ab Tak Chhappan,"Crime, Drama"
161236,Jab Pyaar Kisise Hota Hai,"Drama, Family, Comedy"
719918,Akele Hum Akele Tum,
301612,Allah-Rakha,
20656,Saathiya,"Romance, Drama"
862701,Ankahi Kahaniya,"Drama, Romance"
69520,Pudhu Pettai,"Action, Drama, Crime"
737370,Tejas,Drama
614179,Coolie No. 1,"Comedy, Drama"
606535,Shubh Mangal Saavdhan,"Comedy, Romance"
152259,Phantom,Thriller
820880,Aisha,Drama
82243,Gumnaam,"Mystery, Thriller, Horror"
776538,Fire in the Mountains,Drama
304157,Yaar Gaddar,"Crime, Action"
46375,Barsaat,"Romance, Action"
4157,Heyy Babyy,"Comedy, Drama, Romance"
19418,Dhol,Comedy
519186,Lajja,Drama
748457,Bahut Hua Sammaan,"Comedy, Crime, Drama"
211105,Krishna Cottage,"Thriller, Horror, Mystery"
391729,Jung,"Drama, Action, Crime"
526772,Nela Ticket,"Action, Drama"
648497,Pyasi Nigahen,"Horror, Thriller"
513,Fire,"Drama, Romance"
483189,Veere Di Wedding,"Drama, Comedy"
645489,Gunjan Saxena: The Kargil Girl,"Action, Drama"
330431,NH10,"Crime, Action, Adventure, Thriller"
804005,Silence... Can You Hear It?,"Thriller, Drama"
1043887,Badass Ravikumar,"Action, Music"
1171154,Baap,
168497,Khoj,
14162,Jhoom Barabar Jhoom,"Drama, Romance"
273505,Humshakals,Comedy
140883,Prahaar: The Final Attack,
277751,Maine Dil Tujhko Diya,"Action, Drama, Romance"
287859,Raja Natwarlal,"Thriller, Drama, Mystery, Crime"
711643,Chhorii,"Horror, Thriller"
196846,Andhaa Kaanoon,Action
452095,The Song of Scorpions,Drama
160242,Ram Jaane,"Action, Crime"
614436,Machine,Documentary
75217,Hamara Dil Aapke Paas Hai,"Drama, Romance"
534343,Pantham,"Drama, Action"
97472,Pyaar Ishq Aur Mohabbat,"Romance, Drama"
22429,Kyaa Kool Hai Hum,Comedy
559673,Hamid,Drama
46371,Apna Sapna Money Money,Comedy
357133,Daag: The Fire,"Thriller, Action, Drama"
800158,The Killer,"Crime, Thriller"
200619,Mission Lion,Action
355506,Siren,"Horror, Thriller"
664602,Laila Aur Satt Geet,Drama
15975,Oye Lucky! Lucky Oye!,"Action, Comedy"
616880,Bhoot: Part One - The Haunted Ship,"Horror, Thriller"
911154,Shabaash Mithu,"Drama, Family"
20364,Hulchul,"Comedy, Romance, Action"
103800,Vijaypath,"Action, Drama, Romance"
523278,Saand Ki Aankh,Drama
873696,Kodiyil Oruvan,"Action, Drama"
540612,Paltan,"War, Drama, Action"
46418,Rehnaa Hai Terre Dil Mein,"Drama, Romance"
693838,Indoo Ki Jawani,Comedy
14165,Ta Ra Rum Pum,"Family, Comedy, Romance"
81273,The Dirty Picture,"Comedy, Drama"
619697,Pagalpanti,"Comedy, Drama"
693836,Khaali Peeli,"Romance, Action, Comedy, Thriller"
59277,Aandhi,"Romance, Drama"
105025,Dil Ka Rishta,"Drama, Romance"
323426,Shamitabh,"Comedy, Drama, Thriller"
126318,Miss Lovely,"Drama, Crime"
218788,Vidhaata,"Action, Drama, Family"
111394,Dil Ka Kya Kasoor,"Romance, Drama"
307603,Pran Jaye Par Vachan Na Jaye,Action
143881,Suhaag,
211819,Raja Babu,"Comedy, Drama, Romance"
969080,Parivartan,Drama
287637,Tigers,"Drama, Thriller"
60730,Khubsoorat,"Drama, Family, Romance, Comedy"
75253,Aa Ab Laut Chalen,"Drama, Romance"
606535,Shubh Mangal Zyada Saavdhan,"Comedy, Romance"
215322,Rishtey,"Action, Drama"
543930,Chaahat,Romance
66346,Aalavandhan,Thriller
12616,One Night Stand,Drama
71301,Laawaris,"Action, Drama"
381899,Dacait,"Action, Crime, Drama"
232820,Naam,"Crime, Drama"
648705,Nishabd,"Thriller, Horror"
290004,Sixteen,Drama
1094184,Lohardaga,
616458,Sathyam,"Drama, Comedy"
719800,Salmon 3D,"Romance, Thriller"
165076,Gumrah,"Drama, Action, Crime"
118133,Ijaazat,"Romance, Drama"
15532,Ek Vivaah... Aisa Bhi,"Drama, Romance"
50099,Break Ke Baad,"Drama, Comedy, Romance"
284509,Indrasabha,
1171099,Maharaj,"Drama, History"
413588,Rock On 2,"Music, Drama"
37729,Bumm Bumm Bole,Drama
697079,Anjaam,
662231,Hacked,Thriller
886440,Dybbuk: The Curse Is Real,"Horror, Thriller, Drama"
75157,Mausam,"Romance, Drama"
672940,Haathi Mere Saathi,Drama
106862,Vardi,Action
371811,Sardaar Gabbar Singh,"Comedy, Action"
618990,Aag Ke Sholay,"Action, Thriller"
1005728,Kacchey Limbu,Drama
161218,Yeh Hai Jalwa,"Romance, Drama, Comedy"
16283,Saawariya,"Drama, Music, Romance"
819309,Emergency,"Comedy, Drama, Thriller"
134841,Makdee,"Family, Horror, Fantasy"
272610,Black Rose,"Action, Crime, Drama, Thriller"
936626,Kaalia,
81253,Prem Rog,"Drama, Music, Romance"
67973,Phoonk,"Horror, Thriller"
14394,Sarkar Raj,"Action, Adventure, Crime, Drama"
415403,Gehrayee,"Horror, Drama"
512180,Yamla Pagla Deewana,"Comedy, Drama"
555017,Saajan Ka Ghar,Drama
122473,Commando 2,"Action, War"
20493,Love Story 2050,"Science Fiction, Romance"
523192,Mehsampur,Drama
74458,Mere Brother Ki Dulhan,"Drama, Comedy, Romance"
1163258,12th Fail,Drama
46618,Umrao Jaan,"Romance, Drama"
63006,Dum Maaro Dum,"Action, Crime, Thriller"
295218,Farz,"Action, Thriller, Crime"
496327,Sui Dhaaga: Made in India,"Comedy, Drama, Family"
764928,Om - The Battle Within,"Action, Thriller"
216969,Sohni Mahiwal,"Romance, Drama, Action"
1140056,Cash,Comedy
226846,Drona,Action
205212,Bewafaa,Drama
579397,Bazaar,"Action, Crime"
569584,Why Cheat India,"Drama, Crime"
410852,Ek Phool Do Mali,
15084,Salaam Namaste,"Comedy, Romance, Drama"
824697,B.A. Pass 3,
136615,Kasoor,"Drama, Mystery, Thriller"
843617,Players,"Romance, Comedy"
122895,Purana Mandir,Horror
413421,Phillauri,"Fantasy, Comedy, Romance, Drama"
918375,Dushman,
188306,Aurangzeb,"Thriller, Action, Drama"
35100,Right Yaaa Wrong,"Thriller, Crime, Drama"
272176,Bhagwaan Dada,Action
1010925,Love in a Taxi,"Drama, Romance"
278358,Vishwaroopam 2,"Action, Thriller"
10117,Action Jackson,"Action, Comedy"
34144,Atithi Tum Kab Jaoge?,Comedy
33103,Purab Aur Pachhim,Drama
165573,Kya Kehna,"Drama, Romance"
1107034,Sparsh,
907306,Navra Mazha Navsacha,
143881,Suhaag,
197696,Welcome to New York,Drama
82569,Chann Pardesee,
48757,Annamalai,"Drama, Romance"
1064356,All India Rank,"Drama, Comedy"
403862,Great Grand Masti,"Comedy, Fantasy, Horror"
132338,Saaransh,Drama
28472,Silsila,"Drama, Romance"
1016346,Mr. & Mrs. Mahi,"Action, Drama, Thriller"
55627,100 Days,"Romance, Thriller"
391729,Jung,"Drama, Action, Crime"
33384,Road to Sangam,Drama
727268,Suraj,"Action, Drama"
46386,Honeymoon Travels Pvt. Ltd.,"Comedy, Drama, Romance"
305339,Raavan,"Drama, Family"
901,City Lights,"Comedy, Romance, Drama"
30627,Kaala Patthar,"Drama, Action, Thriller"
593214,Blank,"Action, Thriller"
547768,Mitron,"Romance, Comedy, Family"
99106,Mahakaal,"Horror, Action, Comedy"
482154,Ajji,"Thriller, Crime"
232708,Aarzoo,"Action, Music, Drama"
19620,Bluffmaster!,"Drama, Comedy, Romance"
160243,Oh Darling Yeh Hai India,Comedy
54892,Ramayana: The Epic,"Animation, Action, Adventure"
20496,Mangal Pandey: The Rising,"Drama, History"
563150,The Journey of Karma,Drama
363335,Raaz Reboot,Horror
320873,Dhanak,"Drama, Comedy"
396466,Bhoot and Friends,"Drama, Action, Adventure, Horror"
672940,Haathi Mere Saathi,Drama
166871,Saajan Chale Sasural,"Comedy, Romance"
276056,Sssshhh...,"Thriller, Horror"
297019,The Shaukeens,Comedy
1124876,Ulajh,
317371,Kati Patang,Drama
71562,I Am Kalam,"Comedy, Drama, Family"
543736,Hum Dono,"Comedy, Romance, Music"
25510,Jannat: In Search of Heaven...,"Crime, Drama, Romance"
482250,Jeet,
223091,Mard,"Action, Drama, History"
413884,Half Girlfriend,"Romance, Drama"
557631,Jalebi,Drama
410481,Thupparivaalan,"Action, Crime, Thriller"
267500,Pyar Ka Karz,"Action, Comedy, Drama"
801831,Saina,Drama
683395,Virgin Bhanupriya,"Comedy, Drama"
744181,Halahal,"Mystery, Drama"
317821,Maid for each other,"Comedy, Crime"
56448,Stalin,"Drama, History, War, TV Movie"
58302,Dus,"Action, Crime, Thriller"
1174215,Mann,
242618,Om Dar-B-Dar,"Drama, Fantasy, Comedy"
1275922,3rd October,"Music, Documentary"
48184,Baabul,"Drama, Romance, Family"
125292,Roti Kapada Aur Makaan,
276480,Hawas,"Romance, Thriller"
458032,Dobaara: See Your Evil,Horror
1260965,Fateh,"Action, Crime"
616685,Zakhmi Sipahi,Action
1139819,Happy Ending,"Romance, Comedy"
664601,Gunda,Documentary
198524,Nishant,"Drama, Crime"
482600,Japan,"Romance, Drama"
678,The Past,"Crime, Romance, Thriller"
15383,Army,"War, History, Thriller"
1187761,Dvand: The Internal Conflict,Drama
1021400,Dulhe Raja,"Comedy, Romance"
441751,Irada,Thriller
543,Blackmail,"Drama, Thriller, Crime"
1055709,Jaggu Ki Lalten,
78619,Coolie,"Action, Drama"
248698,Dedh Ishqiya,"Comedy, Drama, Romance"
1083241,VD18,"Action, Drama"
212051,Ek Doctor Ki Maut,Drama
31248,Ram Gopal Varma Ki Aag,"Action, Comedy, Crime"
671909,Yeh Ballet,Drama
160148,Namak Haraam,"Drama, Action"
705475,Mandi,
46432,Woh Lamhe ...,"Drama, Romance"
48925,Naya Daur,Drama
342291,Welcome to Karachi,Comedy
856836,No Land's Man,"Crime, Mystery, Romance"
261855,1971,"Documentary, History"
318106,Hawaizaada,"Drama, Fantasy, History"
534686,Saheb Biwi Aur Gangster 3,"Action, Drama, Thriller"
460844,Tumhari Sulu,"Comedy, Drama"
391811,Prem,
106586,Dangerous Ishhq,"Thriller, Romance"
209410,Shuddh Desi Romance,"Drama, Romance"
303105,Ajay,
267504,Aakhree Raasta,"Crime, Action, Drama"
463063,Mubarakan,"Comedy, Drama"
651857,Police Aur Mujrim,
46423,Lucky: No Time for Love,"Drama, Romance"
360826,Jazbaa,"Thriller, Action"
318560,Ankhen,Drama
206202,Mashaal,Action
299692,Super Nani,"Family, Drama"
19276,Dhoondte Reh Jaoge,Comedy
345988,Tahalka,
1092300,Googly,
241180,Swarg,Drama
33206,Mere Baap Pehle Aap,"Romance, Comedy"
46385,Hadh Kar Di Aapne,"Romance, Comedy"
307368,Amir Garib,"Action, Drama"
728133,Meel patthar,Drama
331192,Hatya,"Drama, Action"
568522,NTR: Kathanayakudu,Drama
60124,Apne,Drama
161175,Yeh Lamhe Judaai Ke,"Drama, Romance, Mystery"
53804,No Problem,Comedy
797223,Yudhra,"Action, Thriller, Romance"
304156,Baghavat,"Drama, History"
413548,Begum Jaan,"Action, Drama, History"
277229,Taarzan: The Wonder Car,"Action, Romance"
252053,Yaariyan,"Drama, Romance"
31525,The Legend of Bhagat Singh,"Crime, Drama, History"
33517,Beyond the Clouds,"Drama, Romance"
603664,Oops!,"Horror, Drama"
268860,Hawaa Hawaai,"Drama, Family"
735182,Ram Singh Charlie,"Drama, Comedy"
1066714,Main Atal Hoon,Drama
321936,Taqdeer,"Adventure, Drama"
444011,Simran,"Drama, Crime, Thriller"
161223,Dulhan Hum Le Jayenge,"Comedy, Romance"
65106,The Great Gambler,"Action, Crime, Romance, Thriller"
198727,Pinjar: Beyond Boundaries...,"Drama, Romance, Music"
858288,200: Halla Ho,"Crime, Thriller"
576121,Total Dhamaal,"Comedy, Adventure, Action"
755388,Ayalaan,"Science Fiction, Action, Adventure"
69597,Aayirathil Oruvan,"Action, Adventure"
19624,Fashion,"Drama, Romance"
732886,14 Phere,"Comedy, Romance, Drama"
1160026,Yellow Bus,Drama
916477,Mere Sajana Saath Nibhana,"Drama, Music"
681235,Torbaaz,Drama
1080808,Ishq Vishk,"Romance, Drama"
139582,Chakravyuh,Thriller
560702,Kadakh,"Thriller, Comedy, Crime, Drama"
482182,Darwaza,Horror
64084,Scorned,"Drama, Thriller"
301226,Ankush,
661671,Shikara,"Drama, Romance"
414276,Freaky Ali,"Comedy, Romance"
65946,Ready,"Action, Comedy"
1148172,Do Patti,"Mystery, Thriller"
21567,Iqbal,Drama
1079170,Operation Fryday,"Action, Crime, Thriller"
1206056,Dil Hai Gray,Drama
161219,Kahin Pyaar Na Ho Jaaye,"Romance, Family, Comedy"
443624,Journey Bombay to Goa: Laughter Unlimited,"Adventure, Comedy, Drama"
238534,Lekin...,"Romance, Drama"
271677,The Hero: Love Story of a Spy,"Thriller, Action, Adventure, Romance"
604195,The Zoya Factor,Romance
383404,Kucch To Hai,"Mystery, Horror, Thriller, Romance"
303904,Ungli,"Thriller, Comedy, Drama"
58045,Parinda,"Action, Crime, Drama"
107745,Saajan,"Drama, Romance"
621005,Prassthanam,"Action, Drama"
1061554,Berlin,
554826,Bhonsle,Drama
180853,Chashme Baddoor,"Comedy, Drama"
170643,Pukar,"Drama, Action"
1196732,All Is Well,Drama
786567,Gandhi Talks,Comedy
72576,Do Ankhen Barah Haath,"Thriller, Crime, Drama, Comedy"
983040,Ittu Si Baat,Drama
27964,Qayamat Se Qayamat Tak,"Drama, Romance"
64879,Lamhe,"Drama, Romance"
666390,Bunty Aur Babli 2,"Comedy, Crime, Drama"
304909,Ahsaas,"Romance, Drama"
688943,Harami,"Drama, Thriller"
78701,Kisna: The Warrior Poet,"Drama, Romance"
375624,Kudrat,Romance
285937,Jal,Drama
1187167,Ek Gulelbaaz the Catapult,"Drama, Family"
544259,Jail Yatra,
621385,Barot House,Thriller
171879,The Attacks of 26/11,"Action, Crime, History, Thriller"
140896,Son of Sardaar,"Action, Comedy, Romance"
14071,Dostana,"Drama, Comedy, Romance"
1366,Rocky,Drama
612521,Mere Aagosh Mein,Thriller
496495,Narasimha,"Drama, History, War"
168498,The Burning Train,"Action, Thriller"
401762,Bemisal,"Family, Drama"
410853,Ghazab,"Action, Comedy, Drama"
503449,Vijay,Drama
400706,Chhota Bheem Himalayan Adventure,
446321,Free Entry,"Thriller, Drama, Romance"
10999,Commando,"Action, Adventure, Thriller"
503577,Jaal,"Action, Drama"
59368,Shaapit: The Cursed,Horror
39347,Hello Brother,"Comedy, Romance"
643807,Ramprasad Ki Tehrvi,"Drama, Family, Comedy"
560955,Backfire,"Crime, Drama"
165402,Main Prem Ki Diwani Hoon,"Romance, Drama"
455574,Naseeb Apna Apna,Comedy
393363,Parivaar,"Drama, Romance"
413771,Tu Hai Mera Sunday,"Drama, Comedy"
413170,Rakshak,"Action, Thriller"
295218,Farz,"Action, Thriller, Crime"
378301,Chalk N Duster,Drama
31897,U Me Aur Hum,"Romance, Comedy, Drama"
86604,"Tom, Dick, and Harry","Comedy, Romance"
698436,Tryst with Destiny,Drama
413727,Mukti Bhawan,"Comedy, Drama"
30613,Hero No. 1,"Drama, Comedy, Romance"
24827,Ajab Prem Ki Ghazab Kahani,"Romance, Comedy, Action"
35064,Dhadkan,"Drama, Romance"
4580,I Love You,Drama
85708,The Stoneman Murders,Crime
1157674,Lomad,"Crime, Drama, Thriller"
39039,Awaara,"Drama, Music, Romance"
744991,Tribhanga,"Drama, Family"
590397,Bhuj: The Pride of India,"War, History, Action, Drama"
585981,Kuch Pal Pyar Ke,"Drama, Thriller"
44827,Dor,Drama
10699,Hero,"Comedy, Drama"
307490,Aaj Ka Arjun,"Action, Crime, Drama"
23275,Do Knot Disturb,"Comedy, Romance"
538126,Lupt,"Horror, Thriller"
425972,Cargo,"Drama, Thriller, Horror"
718092,Shiva,Drama
1297049,Chhota Bheem and the Curse of Damyaan,"Action, Adventure, Fantasy, Comedy, Family"
16576,Cheeni Kum,"Romance, Drama"
777141,Veer,Action
138934,Damini,"Drama, Crime"
795589,Khichdi 2,"Comedy, Drama, TV Movie"
1159468,Rang,
1075515,Sandwich,Drama
850888,The Huntress,"Action, Thriller"
324971,Khud-Daar,"Action, Drama"
306687,Sunday,"Romance, Drama"
1216221,The Y,"Animation, Action, Fantasy"
61182,F.A.L.T.U,Comedy
1177134,Swayambhu,
297213,Aunty No. 1,Comedy
21905,Shabd,"Romance, Thriller"
306400,Do Raaste,"Drama, Romance"
159666,Mela,"Action, Adventure, Comedy, Drama, Romance"
300425,Lingaa,"Comedy, Drama, Action"
45667,Yeh Vaada Raha,"Drama, Romance"
22241,Firaaq,Drama
174059,Ek Rishtaa: The Bond of Love,"Drama, Family"
23130,15 Park Avenue,"Drama, Romance"
240307,Balika Badhu,"Drama, Romance"
270916,Gardish,Drama
904473,Angoor,
192558,Aashiqui,"Drama, Romance"
296690,Kill Dil,"Action, Drama, Romance"
27641,Tridev,"Crime, Action"
960942,Junko,"Crime, Horror"
159657,Baazi,
211990,Ankur Arora Murder Case,"Drama, Thriller"
482337,Benaam,"Horror, Action, Drama"
724942,Parichay,Drama
319920,Kartoos,"Action, Crime, Thriller"
652049,Chintu Ka Birthday,Drama
136543,Imtihaan,"Action, Drama, Romance"
568856,Amavas,"Horror, Romance, Thriller"
71069,Bhindi Baazaar,"Crime, Drama, Thriller"
65804,Mr. Natwarlal,"Drama, Romance"
124003,Karz,Adventure
171492,Ankur,Drama
548945,Rangeela Raja,"Comedy, Drama"
319586,Teri Meherbaniyan,"Action, Crime, Drama"
384993,Hum Se Badkar Kaun,"Thriller, Action, Drama"
638665,Eeb Allay Ooo!,"Comedy, Drama"
30321,Haseena Maan Jaayegi,"Action, Comedy"
71481,404: Error Not Found,"Drama, Mystery, Thriller"
937036,DJ Tillu,"Romance, Comedy, Thriller"
267192,Genius,"History, Drama"
738567,Suraj Pe Mangal Bhari,"Comedy, Drama"
312800,Adi Shankaracharya,"Drama, History"
477045,The Final Exit,"Horror, Thriller"
411684,Dev Bhoomi,Drama
821792,Bull,"Crime, Horror, Thriller"
592508,Soorya,"Action, Crime, Thriller"
628566,Satellite Shankar,"Action, Drama"
44059,Baton Baton Mein,"Comedy, Drama, Romance"
293768,Kidnap,"Drama, Thriller"
572393,Chittagong,
496334,Batti Gul Meter Chalu,"Comedy, Drama"
270823,Talaash: The Hunt Begins...,"Action, Drama, Mystery, Crime"
1189198,Genie,"Fantasy, Comedy"
228355,Boss,"Action, Comedy, Drama"
1214558,Power,Documentary
3717,Tsunami,"Action, Adventure"
117409,Viruddh... Family Comes First,"Drama, Family"
301687,Tango Charlie,
456756,Bank Chor,"Comedy, Crime, Thriller"
138370,Luv Shuv Tey Chicken Khurana,Comedy
184793,Nautanki Saala!,"Comedy, Romance"
915823,Koshish,
314364,Sakthi,"Thriller, Horror"
348152,Jajantaram Mamantaram,"Family, Fantasy"
161468,Inkaar,
160247,Zamaana Deewana,"Drama, Romance"
204261,American Desi,Comedy
655459,Jai Mummy Di,"Comedy, Romance"
728405,Rosie: The Saffron Chapter,Horror
1112426,Stree 2,"Horror, Comedy"
194136,Sooryavansham,"Action, Drama"
613225,One Day: Justice Delivered,"Crime, Thriller, Drama"
83902,Na Tum Jaano Na Hum,"Romance, Drama"
356399,Mohalla Assi,Drama
298714,X: Past Is Present,"Drama, Mystery"
1069910,Despatch,
12274,Kuselan,Drama
1087305,Lagaam,
166872,Tere Mere Sapne,"Action, Comedy, Romance"
20651,Parineeta,"Romance, Drama"
784939,The Immortal Ashwatthama,"Science Fiction, Thriller"
244237,Jai Ho,"Action, Drama"
336211,Tanu Weds Manu,"Comedy, Romance"
336211,Tanu Weds Manu Returns,"Comedy, Romance"
980165,Karma Strikes,"Drama, Romance, Thriller"
364525,Kshatriya,
207901,Dayavan,"Action, Crime, Drama"
1165459,Tamso,Horror
911812,Haqeeqat,"Crime, Drama"
150731,Hum Kisise Kum Naheen,Romance
770218,Apne 2,
377030,Nehlle Pe Dehlla,Comedy
370645,Yeshwant,"Action, Crime, Drama"
29534,Amar Prem,"Drama, Romance"
732953,The Hidden Strike,"War, Action"
799450,Woh Ladki Hai Kahaan,Comedy
138952,Thadaiyara Thaakka,"Action, Thriller"
117361,Return of Hanuman,"Animation, Family, Action, Adventure"
302431,Rang Rasiya,"Drama, History"
20494,Malamaal Weekly,"Comedy, Crime"
25499,Jaane Do,"Comedy, Crime"
1138938,Ticket ek Sangharsh,
1086512,Angithee 2,"Romance, Drama"
68758,Haunted - 3D,"Horror, Thriller"
487593,Irumbu Thirai,"Thriller, Action"
14214,Thoda Pyaar Thoda Magic,"Drama, Comedy"
161179,Shakthi: The Power,"Action, Drama"
71756,Chhoti Si Baat,"Drama, Comedy, Romance"
283201,Finding Fanny,"Adventure, Comedy, Drama, Romance"
159655,Parampara,"Action, Drama"
120942,Teri Meri Kahaani,"Comedy, Drama, Romance"
264085,Bhoothnath Returns,"Comedy, Drama, Fantasy"
345980,Roop Ki Rani Choron Ka Raja,"Action, Drama"
531601,Arjun Patiala,"Comedy, Romance"
1182598,Udd Jaa Nanhe Dil,"Family, Drama"
108286,Teesri Manzil,"Mystery, Thriller, Comedy"
48930,Satyakam,Drama
312643,Agni Pankh,
494950,Rajma Chawal,"Comedy, Drama, Family"
361992,Bhai,
160251,Guddu,"Romance, Drama"
231785,Himmatwala,"Action, Comedy, Drama"
504056,Big Brother,"Action, Drama, Comedy"
205077,Amrapali,"War, Fantasy, History, Drama, Music, Romance"
402064,Chhoti Chhoti Baatein,Drama
1155341,Minus 31: The Nagpur Files,"Mystery, Drama, Music, Thriller"
507398,Hukumat,"Action, Drama"
20390,No Entry,"Comedy, Romance"
48391,Jism,Thriller
442774,Billoo Baadshah,"Drama, Action, Crime"
161237,Auzaar,Action
439057,Nenu Local,"Action, Comedy"
38022,Amar Akbar Anthony,"Action, Comedy, Drama"
320803,Hum Kaun Hai?,Horror
165058,Biwi Ho To Aisi,"Comedy, Drama"
384344,Tere Bin Laden: Dead or Alive,Comedy
467510,Sampoorna Ramayana,"History, Drama, War"
142673,Deewana Mastana,"Comedy, Romance"
306380,Shadyantra,
307405,Roti,"Drama, Romance, Action, Crime"
46619,Yaadon Ki Baaraat,"Music, Action, Drama"
575222,Eiga Doraemon: Nobita no getsumen tansaki,"Animation, Adventure, Comedy, Science Fiction, Fantasy, Family"
512898,Dhh,"Drama, Family"
46375,A Sublime Love Story: Barsaat,"Romance, Action"
309150,Kaala Sona,"Action, Western"
211277,Dhaai Akshar Prem Ke,"Romance, Drama"
545071,99 Songs,"Music, Drama, Romance"
974433,Maama Mascheendra,"Action, Drama"
590351,72 Hours: Martyr Who Never Died,"War, History"
1305243,Silsila Sidnaaz Ka,Romance
346911,Diya Aur Toofan,"Crime, Drama, Thriller, Action"
239586,Issaq,Romance
18673,8 x 10 Tasveer,"Thriller, Action, Mystery"
285363,Andhera,Horror
20916,Style,"Comedy, Thriller"
504,Monster,"Crime, Drama"
23305,The Warrior,"Adventure, Drama"
277608,Naqaab,"Crime, Romance, Thriller"
441868,Sarkar 3,Crime
139656,Mere Yaar Ki Shaadi Hai,"Comedy, Romance"
538394,Nawabzaade,"Comedy, Romance"
1195015,Pyaar Hai Toh Hai,"Drama, Romance"
418235,Lipstick Under My Burkha,"Comedy, Drama"
192097,Ghanchakkar,"Comedy, Crime, Thriller"
80249,Vaada,"Action, Comedy"
1235834,Khiladi 1080,"Action, Crime, Thriller"
54654,Meri Jung,Drama
292431,Love,"Drama, Romance"
136542,Family: Ties of Blood,"Action, Crime, Drama, Thriller"
25511,London Dreams,Drama
354205,C U at 9,
302445,Balwaan,"Action, Crime"
453989,Aashiqui 3,"Romance, Drama"
386315,Perversion,"Thriller, Mystery, Crime, Drama"
603104,Veergati,"Action, War, Thriller"
192675,Eklavya,"Action, Drama, Thriller"
213851,Kunwara Baap,"Drama, Comedy"
84693,Naram Garam,"Drama, Comedy"
515192,High Jack,Comedy
161392,Baaghi: A Rebel for Love,"Action, Drama, Romance"
312809,Tevar,"Thriller, Action, Drama"
791009,Tuesdays and Fridays,"Romance, Comedy, Music"
321335,Maa Tujhhe Salaam,"Action, Drama"
556310,Bombairiya,"Comedy, Crime, Drama"
972675,Chitrakut,Drama
133583,Ajanabee,"Drama, Romance"
20623,Page 3,Drama
154311,Geraftaar,"Action, Drama"
21982,Aankhen,"Crime, Thriller"
505175,Love Per Square Foot,"Comedy, Romance"
627425,Masti,
1065835,The Ladykiller,"Thriller, Crime"
645370,Bypass Road,"Drama, Thriller"
702550,Durgamati: The Myth,"Horror, Thriller"
58302,Dus,"Action, Crime, Thriller"
75352,Abhimaan,"Drama, Romance"
34977,Penthouse,"Crime, Mystery"
509712,Thokar,"Action, Drama, Family"
1067209,Gandhi Godse Ek Yudh,"Drama, History"
370992,Shivaay,"Adventure, Action, Drama, Thriller"
146255,Ajooba,"Action, Adventure, Fantasy"
253708,Naajayaz,"Action, Drama"
1067049,Junglemahal: The Awakening,Horror
66384,Oru Kaidhiyin Diary,"Action, Crime, Thriller"
326494,Desh Premee,"Action, Drama"
442869,Gang,"Drama, Action, Crime"
432924,Tapa Tap,Comedy
64743,Chalti Ka Naam Gaadi,Comedy
85992,Tezz,"Drama, Action, Thriller"
272665,Kaash,Drama
403858,Budhia Singh: Born to Run,Drama
311571,I - Proud to Be an Indian,"Action, Crime, Drama"
302156,Criminal,"Action, Crime, Science Fiction"
277032,Judaai,"Drama, Romance"
75745,Force,"Action, Crime, Drama, Thriller"
69513,Padikkathavan,"Action, Drama"
192842,Souten,"Drama, Romance"
1270074,Caravan,Documentary
87995,Ek Ajnabee,"Action, Thriller"
1046688,Apurva,"Crime, Thriller"
449777,Poorna,"Action, Drama"
1099516,Am I Next,Crime
297022,Red Swastik,"Crime, Drama, Thriller"
483208,Firangi,"Drama, Comedy"
41968,The Deceivers,Adventure
549184,Kaashi in Search of Ganga,"Thriller, Drama"
589615,Raat,"Crime, Mystery, Thriller"
393561,Risk,Documentary
482234,Bees Saal Baad,Horror
904473,Angoor,
240614,R... Rajkumar,"Action, Romance"
1015676,Sulaikha Manzil,"Drama, Romance, Comedy"
1172057,Sherni,
231785,Himmatwala,"Action, Comedy, Drama"
392222,1920 London,Horror
107548,Chori Chori Chupke Chupke,"Drama, Romance"
117335,International Khiladi,"Action, Thriller, Crime, Romance"
458956,Play Girls,Comedy
402693,100%,"Comedy, Drama"
33460,Sehar,"Action, Thriller"
284652,Kala Bazar,"Romance, Action, Crime, Drama, Music"
456426,Touch Chesi Chudu,Action
168987,Aap Ki Kasam,"Romance, Drama"
254171,Bewakoofiyaan,"Romance, Comedy, Drama"
323030,Khamoshi,"Drama, Horror"
161396,Sanam Bewafa,"Drama, Family"
1035366,Rocket Gang,"Comedy, Fantasy, Horror, Music"
901562,Andaman,Drama
844313,Samadhi,
97442,Kareeb,"Drama, Romance"
502702,Kuldip Patwal: I Didn't Do It!,"Crime, Drama, Mystery"
66702,Dil Ne Jise Apna Kaha,"Romance, Drama"
1007695,Pokhar Ke Dunu Paar,Drama
116445,Wonder Women,"Action, Horror, Science Fiction, Thriller"
534151,"Gallit Gondhal, Dillit Mujra",Comedy
10757,Kabhie Kabhie,"Comedy, Drama"
30066,Gol Maal,Comedy
20002,Chandni,"Action, Adventure, Comedy"
1030101,Dhoomam,"Thriller, Drama"
553928,Karma,Horror
143975,Satyam Shivam Sundaram: Love Sublime,"Drama, Romance"
690565,Colour Photo,"Drama, Romance"
512180,Yamla Pagla Deewana Phir Se...,"Comedy, Drama"
330636,Katti Batti,"Comedy, Romance, Drama"
458363,Bhouri,Drama
1137429,Chidiakhana,Drama
524251,I See You,"Horror, Thriller"
232791,Mirch Masala,"Drama, Thriller"
887181,Khilona,"Drama, Romance"
421515,Saat Uchakkey,Comedy
96149,Anamika,"Drama, Mystery, Romance"
218263,Gharwali Baharwali,"Comedy, Romance"
547485,Weapon,Documentary
911812,Haqeeqat,"Crime, Drama"
108141,Rajnigandha,"Drama, Romance"
844710,Collar Bomb,"Crime, Thriller"
72568,Ek Ladka Ek Ladki,"Comedy, Romance, Drama"
203949,Party,
269421,Parzania,"Drama, History"
498479,Vodka Diaries,"Mystery, Thriller"
306442,Phool Khile Hain Gulshan Gulshan,Romance
344248,Meri Biwi Ka Jawab Nahin,"Action, Comedy, Romance"
554895,Undertrial,Drama
357833,Suryaa: An Awakening,"Action, Romance"
30537,...Aur Pyaar Ho Gaya,"Family, Romance, Drama"
66292,Agni Sakshi,"Drama, Thriller"
206050,Fever,"Crime, Thriller"
55808,Rakhta Charitra,"Action, Crime, Drama"
468255,Raag Desh,"History, Action, Drama"
63646,Pudhiya Geethai,"Drama, Romance"
181462,Akaash Vani,"Romance, Drama"
591926,Kundan,
619078,Apradhi,"Action, Crime, Drama"
18862,House Arrest,"Comedy, Family"
316807,Saat Hindustani,
183654,Garm Hava,Drama
157293,ABCD (Any Body Can Dance),Drama
361249,Nil Battey Sannata,"Drama, Family"
751640,376 D,"Crime, Thriller"
103015,Shola Aur Shabnam,"Action, Romance"
15978,Naina,"Horror, Mystery"
204848,Noorie,Romance
242084,Satya 2,"Crime, Drama"
395339,Teraa Surroor,"Romance, Action, Drama"
25827,Marigold,"Comedy, Romance"
607141,Be Happy,"Drama, Music"
8014,Valley of Flowers,"Adventure, Drama, Romance"
101783,Zameen,"Action, Thriller"
34658,Odd Couple,"Action, Comedy"
302154,Fakira,Drama
464853,SOS: Secrets of Sex,Drama
1056872,Leera the Soulmate,"Action, Comedy, Romance, Science Fiction"
287506,Red Rose,"Drama, Romance"
331362,Ghar Ho To Aisa,Drama
480478,Khooni Mahal,Horror
1129654,Pareshan,Comedy
28805,Apaharan,"Action, Crime, Drama"
241258,InCar,"Horror, Thriller"
660056,Bhangra Paa Le,Music
302897,Krishna,"Action, Drama, Romance"
817187,Shalimar,"Romance, Drama"
69564,Aadhi Bhagavan,Action
389245,Kya Yehi Pyaar Hai,"Romance, Comedy, Music"
35217,Friendship,"Comedy, Drama"
163807,Dunno Y Na Jaane Kyun...,"Drama, Romance"
276855,Teen Devian,"Romance, Music"
238674,Jurm,"Crime, Drama, Mystery, Thriller"
525235,Noblemen,Drama
89490,Angaar,"Drama, Action"
178476,3G: A Killer Connection,"Horror, Science Fiction, Thriller"
40779,Milenge Milenge,"Drama, Romance"
341474,Sri,Drama
160255,English Babu Desi Mem,Romance
1035672,Kahani Rubberband Ki,"Comedy, Drama, Family"
210915,Doosara Aadmi,"Drama, Romance"
1198451,Mithya,Drama
346940,Wajood,Drama
309214,Arzoo,"Romance, Drama"
25801,Aamdani Atthanni Kharcha Rupaiya,Comedy
604044,Ghar Parivaar,Drama
136527,Dev,Drama
188719,Khamosh,"Horror, Mystery, Thriller"
1290895,Corporate,Comedy
21461,Munna,"Comedy, Drama, Romance"
258677,Avtaar,Drama
381070,Loev,"Drama, Romance"
169456,Dushman Duniya Ka,Drama
334620,Girlfriend,"Romance, Drama"
1097084,Humse Na Jeeta Koi,Comedy
305899,Sapoot,"Action, Crime"
362140,Shaan,"Comedy, Romance"
333931,Aashik Aawara,"Romance, Comedy"
302876,Andaz,"Action, Comedy, Music, Romance"
463321,Masterji,"Romance, Music"
329909,Mr. X,"Action, Science Fiction, Thriller"
161226,Biwi No. 1,"Comedy, Drama, Romance"
307164,Angry Young Men,Drama
1154469,Love Nation,"Romance, TV Movie"
37690,Get Educated: Paathshaala,"Drama, Family"
425744,Doodh Ka Karz,"Action, Drama, Fantasy"
166217,Shortcut Romeo,"Action, Crime, Drama"
318563,Himmat,Action
534985,Bhaiaji Superhit,"Action, Thriller, Comedy"
212754,Siddharth,Drama
20295,C Kkompany,Comedy
155973,Aan: Men at Work,"Action, Crime, Thriller"
2463,Time Out,"Drama, Action, Thriller, Crime"
1272831,Monalisa,Fantasy
331490,Phool Aur Angaar,
375199,Jai Gangaajal,"Drama, Action"
232783,Yudh,
11048,Knock Out,"Action, Comedy, Crime, Drama"
85047,London Paris New York,Romance
1196364,Vampires of Vijay Nagar,"Comedy, Horror"
109586,Khudgarz,"Drama, Family"
168489,Bol Radha Bol,"Comedy, Thriller, Romance"
1033399,Junglee,Drama
910784,Thangalaan,"Adventure, Drama, Action"
659674,World Famous Lover,"Romance, Drama"
357706,Irudhi Suttru,"Action, Drama"
107548,Chupke Chupke,"Drama, Romance"
802793,Jahaan Chaar Yaar,"Comedy, Drama"
20454,Dil Dosti Etc,Drama
20832,Krazzy 4,"Comedy, Crime"
410269,Chacha Bhatija,
209943,Anupama,"Family, Drama"
166874,Ittefaq,"Crime, Mystery, Thriller"
161395,Patthar Ke Phool,"Romance, Action"
684684,Shor,"Horror, Adventure, Fantasy"
304082,Batwara,"Action, Drama"
329864,Unfreedom,"Romance, Crime, Drama"
220495,Bullett Raja,"Action, Crime, Drama"
14159,Aaja Nachle,"Romance, Drama"
626708,Angaaray,"Drama, Action, Crime"
309146,Jeene Nahi Doonga,"Action, Drama"
1032045,Woh 3 Din,Drama
78442,Mujhse Fraaandship Karoge,"Drama, Comedy, Romance"
1202268,Quotation Gang,"Action, Thriller"
83648,Mere Apne,"Music, Drama, Family"
347807,Fight Club: Members Only,Action
325140,Hum To Mohabbat Karega,"Romance, Thriller"
1040393,Sanaa,Drama
4252,Chalte Chalte,"Comedy, Drama, Romance"
272220,Karam,"Action, Crime, Drama"
499666,Majboor,
359865,Lootere,
138510,Pran Jaaye Par Shaan Na Jaaye,Drama
586077,Chand Sa Roshan Chehra,Romance
10741,Bobby,Drama
1109487,Dhruva,
1042317,Regina,Documentary
258665,Bhopal: A Prayer for Rain,"History, Drama"
1089737,Saindhav,"Action, Crime"
570143,Christopher,Animation
29538,Pyaar Impossible!,"Comedy, Romance"
308200,Insaf Ka Tarazu,"Crime, Drama"
551493,Sanjog,Drama
44565,Khatta Meetha,"Comedy, Drama"
19491,Kyun! Ho Gaya Na...,"Drama, Family, Romance"
58725,Netaji Subhas Chandra Bose: The Forgotten Hero,"Action, Drama, History"
1083760,Sector Balakot,War
401772,Anari,"Family, Drama, Comedy, Romance"
411612,Nibunan,"Action, Crime, Thriller"
485869,MCA Middle Class Abbayi,"Action, Comedy, Family"
58558,Music Teacher,"Music, Drama"
20931,Taxi No. 9 2 11: Nau Do Gyarah,"Comedy, Drama, Thriller"
80556,Shatranj Ke Khilari,Drama
46403,Main Khiladi Tu Anari,"Action, Comedy"
1180183,Sangam,Romance
33145,Satte Pe Satta,Comedy
829808,D Company,"Action, Crime, Thriller"
1172126,The Test,Animation
60597,Red: The Dark Side,"Drama, Romance, Thriller"
156288,Fool N Final,"Action, Comedy"
194433,Home Delivery: Aapko... Ghar Tak,"Comedy, Romance"
272878,MAX,"Adventure, Drama, Family"
83903,Vaah! Life Ho Toh Aisi!,"Drama, Comedy, Family, Fantasy"
618473,Khandaani Shafakhana,"Comedy, Drama"
471919,Lucknow Central,"Drama, Action, Thriller"
1690,Hostel,Horror
381418,Sanam Teri Kasam,"Drama, Romance"
85043,Tere Naal Love Ho Gaya,"Drama, Comedy, Romance"
1166747,Children of War,"Drama, War"
304919,Anjaana,Romance
403540,Mirzya,"Romance, Drama, Fantasy"
306169,Mera Saaya,"Drama, Mystery"
179711,Mere Dad Ki Maruti,Comedy
1073117,Shubh Nikah,"Comedy, Drama"
455985,Andolan,"Drama, Action, Comedy"
641304,Gumnaami,"Action, Drama"
569323,Dobaara,Romance
39218,"Main, Meri Patni... Aur Woh!","Comedy, Drama, Romance"
231449,Guddi,"Family, Drama, Comedy"
258708,Shagird,
103640,Ishaqzaade,"Drama, Action, Romance"
104724,Do Anjaane,Drama
547654,Badhaai Ho Badhaai,"Comedy, Romance, Drama"
543941,Chalta Purza,"Action, Thriller"
1215191,Safar,Drama
481738,Tera Intezaar,"Thriller, Romance"
35695,Welcome to Sajjanpur,Comedy
125223,Ram-Avtar,"Drama, Adventure"
643304,Sehra,"Romance, Drama, Family"
807079,Mosagallu,"Crime, Thriller"
734780,Sardar Ka Grandson,"Comedy, Drama, Romance, Family"
71900,Always Kabhi Kabhi,"Comedy, Crime, Drama, Romance"
1237599,Chuhiya,
48244,Xcuse Me,Comedy
46382,Dillagi,"Drama, Romance"
1248795,Love Love Love,"Romance, Action, Drama"
127498,Raaz 3: The Third Dimension,"Horror, Thriller"
66841,Ragini MMS,"Drama, Horror, Mystery"
479401,Lakeer Ka Fakeer,
161447,Yeh Dillagi,"Comedy, Drama, Romance"
12623,Suspect,"Crime, Drama, Thriller"
143734,Parwana,
168488,Yaraana,"Action, Drama, Music"
318848,MSG: The Messenger of God,"Comedy, Action"
254420,Gulaab Gang,Drama
33067,Chameli,"Drama, Romance"
1250508,Kaantha,
141557,Maa,
26153,God Tussi Great Ho,"Comedy, Drama, Fantasy"
107548,Chori Chori,"Drama, Romance"
331560,Bewafai,"Romance, Drama"
204146,Paar,Drama
45132,Super,"Comedy, Action, Drama"
1003960,Haunted Evil Dead,Horror
131775,Tamanna,
458939,Lal Baadshah,"Action, Drama"
106093,Teesri Aankh,"Action, Thriller"
144407,Karm,
274812,Jaan Tere Naam,"Romance, Drama"
161214,Phir Milenge,"Romance, Drama"
782848,Madam Chief Minister,Drama
309593,Sabse Bada Khiladi,"Action, Crime"
813474,Chaalbaaz in London,"Comedy, Drama"
273579,Pyaar Diwana Hota Hai,
137164,Bulandi,Drama
307433,Bhakta Kannappa,
302883,Gaddaar,
904395,Maa Beta,"Comedy, Crime, Drama"
534686,Saheb Biwi Aur Gangster,"Action, Drama, Thriller"
207377,Parvarish,"Drama, Action, Crime"
339795,Barkhaa,"Drama, Romance"
15411,Bheja Fry,Comedy
217745,Dil Maange More!!!,Romance
271542,Khullam Khulla Pyaar Karen,Comedy
495806,Pareeksha,
154314,Gambler,"Mystery, Thriller"
318146,Humjoli,"Comedy, Drama, Romance"
417772,Wrong Way,"Comedy, Family, Romance"
546442,Zabardast,"Drama, Action"
618996,Salaakhen,"Action, Drama"
647501,Anmol,"Drama, Family, Romance"
538513,Ravan Raaj: A True Story,"Action, Crime, Mystery, Thriller"
441862,Hebbuli,"Drama, Action"
591912,Dadagiri,
32904,Tony,"Horror, Drama, Thriller"
1129570,Rosh,Thriller
641286,P Se Pyaar F Se Faraar,"Crime, Drama, Romance"
91310,Ekk Deewana Tha,Romance
262918,The Royal Bengal Tiger,Mystery
663215,Brahmachari,"Comedy, Romance"
768362,Missing,"Thriller, Mystery, Drama"
1060922,Thugs,"Comedy, Crime"
1009723,Middle Class Love,"Comedy, Drama, Romance"
380593,Akayla,"Thriller, Action, Drama"
324796,Oonche Log,"Comedy, Drama, Family"
718739,RK/RKAY,"Romance, Comedy"
534139,Go Goa Gone 2,"Comedy, Horror, Action, Adventure"
68029,Double Dhamaal,"Comedy, Crime"
14468,Ek Chalis Ki Last Local,"Action, Comedy"
1214368,Golmaal 5,"Comedy, Adventure"
85053,Jannat 2,"Action, Romance"
852194,Zeher,
1033399,Junglee,Drama
46428,Gangaajal,"Drama, Crime"
285753,Hum Paanch,"Action, Drama"
82595,Bandini,"Romance, Drama"
653346,Plan,"Science Fiction, Adventure, Action"
261944,Shudra the Rising,"History, Family, Drama"
528011,Ilaaka,"Action, Drama"
144028,Kamaal Dhamaal Malamaal,"Comedy, Drama"
244455,Geet Gaata Chal,"Drama, Family, Music"
334525,We R Friends,Drama
63683,Luv Ka the End,"Comedy, Drama"
230431,Thanedaar,"Action, Crime, Drama"
241603,Miss Mary,Drama
410339,Bombai Ka Babu,
1021452,Souten: The Other Woman,Thriller
369843,Humko Tumse Pyaar Hai,"Romance, Thriller"
376199,Faraar,"Action, Crime, Drama, Thriller"
103,Taxi Driver,"Crime, Drama"
309151,Kalicharan,
799719,Time to Dance,"Drama, Romance"
59372,Sur: The Melody of Life,Drama
143895,Nigahen: Nagina Part II,"Drama, Fantasy, Horror"
166233,Kyo Kii... Main Jhuth Nahin Bolta,Comedy
